{
  "ga_summary": {
    "avg_total_deg": {
      "count": 8,
      "mean": 0.44638994953897493,
      "std": 0.05368135152513479,
      "p10": 0.3878718947136644,
      "p50": 0.4479090568583009,
      "p90": 0.496781286232468,
      "min": 0.35119514643778643,
      "max": 0.5474406872688765
    },
    "avg_comm_deg": {
      "count": 8,
      "mean": 0.6376999279128214,
      "std": 0.07668764503590686,
      "p10": 0.5541027067338063,
      "p50": 0.6398700812261442,
      "p90": 0.7096875517606687,
      "min": 0.5017073520539806,
      "max": 0.7820581246698236
    },
    "avg_cdi": {
      "count": 8,
      "mean": 0.0,
      "std": 0.0,
      "p10": 0.0,
      "p50": 0.0,
      "p90": 0.0,
      "min": 0.0,
      "max": 0.0
    },
    "avg_interference_dbm": {
      "count": 8,
      "mean": -103.79550230957801,
      "std": 9.68304443286999,
      "p10": -112.69901158954183,
      "p50": -106.00112488806798,
      "p90": -93.50292149845728,
      "min": -113.63578691063177,
      "max": -82.05420355414063
    },
    "avg_margin_db": {
      "count": 8,
      "mean": -1.5921689014797227,
      "std": 2.151480132228362,
      "p10": -3.5040513953195025,
      "p50": -1.8658112751424856,
      "p90": 0.8741372137011906,
      "min": -6.1059486464110995,
      "max": 1.265923627302764
    }
  },
  "gan_summary": {
    "avg_total_deg": {
      "count": 12,
      "mean": 0.26419528576196344,
      "std": 0.01721017250958414,
      "p10": 0.2485683000349277,
      "p50": 0.2633538625341397,
      "p90": 0.28214753057610265,
      "min": 0.23640101701521513,
      "max": 0.3002675395602187
    },
    "avg_comm_deg": {
      "count": 12,
      "mean": 0.3774218368028049,
      "std": 0.024585960727977342,
      "p10": 0.35509757147846815,
      "p50": 0.3762198036201997,
      "p90": 0.4030679008230038,
      "min": 0.33771573859316445,
      "max": 0.42895362794316955
    },
    "avg_cdi": {
      "count": 12,
      "mean": 0.0,
      "std": 0.0,
      "p10": 0.0,
      "p50": 0.0,
      "p90": 0.0,
      "min": 0.0,
      "max": 0.0
    },
    "avg_interference_dbm": {
      "count": 12,
      "mean": -101.89937623254582,
      "std": 1.7764679083249062,
      "p10": -104.0312281366041,
      "p50": -101.75602082215845,
      "p90": -100.95367407728348,
      "min": -104.4204833964806,
      "max": -97.68034978426903
    },
    "avg_margin_db": {
      "count": 12,
      "mean": 4.532259177764266,
      "std": 0.6712557128269386,
      "p10": 3.889594205991305,
      "p50": 4.654987235661956,
      "p90": 5.049300239982323,
      "min": 3.1345817197543724,
      "max": 5.741702276250014
    }
  },
  "random_summary": {
    "avg_total_deg": {
      "count": 20,
      "mean": 0.32290083043295637,
      "std": 0.04431706529417142,
      "p10": 0.2778471736106539,
      "p50": 0.3140561644266709,
      "p90": 0.3902551896756484,
      "min": 0.253066720880407,
      "max": 0.4310621607974518
    },
    "avg_comm_deg": {
      "count": 20,
      "mean": 0.46128690061850913,
      "std": 0.06331009327738775,
      "p10": 0.3969245337295057,
      "p50": 0.4486516634666728,
      "p90": 0.5575074138223548,
      "min": 0.3615238869720101,
      "max": 0.6158030868535026
    },
    "avg_cdi": {
      "count": 20,
      "mean": 0.0,
      "std": 0.0,
      "p10": 0.0,
      "p50": 0.0,
      "p90": 0.0,
      "min": 0.0,
      "max": 0.0
    },
    "avg_interference_dbm": {
      "count": 20,
      "mean": -103.248610584685,
      "std": 5.068656539700694,
      "p10": -108.93828154056378,
      "p50": -103.84272768309857,
      "p90": -97.7692084769028,
      "min": -109.29845007551152,
      "max": -89.55173843172359
    },
    "avg_margin_db": {
      "count": 20,
      "mean": 3.8916869157450313,
      "std": 1.7517354684309756,
      "p10": 0.9564254307187806,
      "p50": 4.097340245001889,
      "p90": 5.757023413626113,
      "min": 0.3894204938777932,
      "max": 6.829894757986463
    }
  },
  "comparison": {
    "ga_vs_random": {
      "avg_total_deg": {
        "mean_diff": 0.12348911910601856,
        "mean_ratio": 1.3824366724001302,
        "p90_diff": 0.1065260965568196
      },
      "avg_comm_deg": {
        "mean_diff": 0.17641302729431224,
        "mean_ratio": 1.3824366724001302,
        "p90_diff": 0.15218013793831386
      },
      "avg_cdi": {
        "mean_diff": 0.0,
        "mean_ratio": 0.0,
        "p90_diff": 0.0
      },
      "avg_interference_dbm": {
        "mean_diff": -0.5468917248930154,
        "mean_ratio": -103795502309.578,
        "p90_diff": 4.266286978445521
      },
      "avg_margin_db": {
        "mean_diff": -5.483855817224754,
        "mean_ratio": -0.4091205011991349,
        "p90_diff": -4.882886199924923
      }
    },
    "gan_vs_random": {
      "avg_total_deg": {
        "mean_diff": -0.058705544670992926,
        "mean_ratio": 0.8181932682171225,
        "p90_diff": -0.10810765909954573
      },
      "avg_comm_deg": {
        "mean_diff": -0.08386506381570424,
        "mean_ratio": 0.8181932682171223,
        "p90_diff": -0.154439512999351
      },
      "avg_cdi": {
        "mean_diff": 0.0,
        "mean_ratio": 0.0,
        "p90_diff": 0.0
      },
      "avg_interference_dbm": {
        "mean_diff": 1.3492343521391774,
        "mean_ratio": -101899376232.5458,
        "p90_diff": -3.184465600380676
      },
      "avg_margin_db": {
        "mean_diff": 0.6405722620192349,
        "mean_ratio": 1.1646001530666819,
        "p90_diff": -0.7077231736437906
      }
    },
    "ga_vs_gan": {
      "avg_total_deg": {
        "mean_diff": 0.1821946637770115,
        "mean_ratio": 1.689621176439789,
        "p90_diff": 0.21463375565636533
      },
      "avg_comm_deg": {
        "mean_diff": 0.2602780911100165,
        "mean_ratio": 1.6896211764397893,
        "p90_diff": 0.30661965093766486
      },
      "avg_cdi": {
        "mean_diff": 0.0,
        "mean_ratio": 0.0,
        "p90_diff": 0.0
      },
      "avg_interference_dbm": {
        "mean_diff": -1.8961260770321928,
        "mean_ratio": -103795502309.578,
        "p90_diff": 7.450752578826197
      },
      "avg_margin_db": {
        "mean_diff": -6.124428079243989,
        "mean_ratio": -0.351296966707259,
        "p90_diff": -4.175163026281132
      }
    }
  }
}