{
  "dataset_id": "aerpaw",
  "family": "AERPAW 5G NSA",
  "reference_altitude_m": 29.936,
  "station_height_m": 11.98287770083776,
  "comm_freq_hz": 3600000000.0,
  "algorithm_group": "ga",
  "search": {
    "best_score": 1.0,
    "score_stats": {
      "count": 40,
      "mean": 1.0,
      "std": 0.0,
      "p10": 1.0,
      "p50": 1.0,
      "p90": 1.0,
      "max": 1.0,
      "min": 1.0
    },
    "num_samples": 40,
    "gan_training": {}
  },
  "environment_alignment": {
    "notes": "按日志中的基站距离/方位/仰角重建BS相对坐标；站高由日志反推中位数约12 m。",
    "area_size_m": 615.7622387688107,
    "station_xy_local_m": [
      0.0,
      0.0
    ],
    "station_xy_aligned_m": [
      513.7449077583708,
      236.93890360058958
    ],
    "shift_xy_m": [
      513.7449077583708,
      236.93890360058958
    ],
    "hotspots": [
      {
        "x_m": 318.2196182066838,
        "y_m": 274.3512635336535,
        "height_m": 15.98287770083776,
        "power_dbm": 30.0,
        "type_id": 3.0
      },
      {
        "x_m": 259.90824706627404,
        "y_m": 61.18875652587846,
        "height_m": 15.98287770083776,
        "power_dbm": 34.0,
        "type_id": 3.0
      }
    ]
  },
  "groups": {
    "measured_selected": {
      "count": 5,
      "sinr_db": {
        "count": 5,
        "mean": 6.3810784071825974,
        "p10": -10.984860257355834,
        "p50": 1.8872221619622775,
        "p90": 27.77928991868832,
        "min": -17.148599720537035,
        "max": 41.08440827929803
      },
      "margin_db": {
        "count": 5,
        "mean": 6.3810784071825974,
        "p10": -10.984860257355834,
        "p50": 1.8872221619622778,
        "p90": 27.77928991868832,
        "min": -17.148599720537035,
        "max": 41.08440827929803
      },
      "rate_mbps": {
        "count": 5,
        "mean": 371.6297636711623,
        "p10": 31.24707855169937,
        "p50": 134.72497252548814,
        "p90": 931.6346576372322,
        "min": 2.7552493172399424,
        "max": 1364.8057399667705
      },
      "outage": {
        "-5.0": 0.2,
        "0.0": 0.4,
        "5.0": 0.6,
        "10.0": 0.8
      },
      "tail": {
        "tail_mean_sinr_db": -17.148599720537035,
        "tail_mean_rate_mbps": 2.7552493172399424,
        "tail_mean_margin_db": -17.148599720537035
      }
    },
    "measured_trajectory": {
      "count": 2754,
      "sinr_db": {
        "count": 2754,
        "mean": 15.028598047881227,
        "p10": 1.2455970432299968,
        "p50": 12.341392997800412,
        "p90": 32.85351094357076,
        "min": -19.669644193717517,
        "max": 49.44876784778937
      },
      "margin_db": {
        "count": 2754,
        "mean": 15.028598047881227,
        "p10": 1.2455970432299965,
        "p50": 12.341392997800412,
        "p90": 32.85351094357076,
        "min": -19.669644193717517,
        "max": 49.44876784778937
      },
      "rate_mbps": {
        "count": 2754,
        "mean": 529.0869892554342,
        "p10": 122.16731674466058,
        "p50": 418.150586214932,
        "p90": 1091.444777355305,
        "min": 1.548379780314763,
        "max": 1642.6541496411605
      },
      "outage": {
        "-5.0": 0.021423384168482208,
        "0.0": 0.07625272331154684,
        "5.0": 0.2000726216412491,
        "10.0": 0.40631808278867104
      },
      "tail": {
        "tail_mean_sinr_db": -6.096640312009134,
        "tail_mean_rate_mbps": 39.98013131582272,
        "tail_mean_margin_db": -6.096640312009134
      }
    },
    "random": {
      "count": 120,
      "sinr_db": {
        "count": 120,
        "mean": 12.358613690893227,
        "p10": 3.3255356174619344,
        "p50": 11.779369869514344,
        "p90": 22.84611933602998,
        "min": -5.5571644254961186,
        "max": 35.33128007188354
      },
      "margin_db": {
        "count": 120,
        "mean": 12.358613690893227,
        "p10": 3.3255356174619353,
        "p50": 11.779369869514344,
        "p90": 22.84611933602998,
        "min": -5.5571644254961186,
        "max": 35.33128007188354
      },
      "rate_mbps": {
        "count": 120,
        "mean": 432.3799624081978,
        "p10": 165.57936631119873,
        "p50": 400.5751220691109,
        "p90": 759.6791970965113,
        "min": 35.40604049497425,
        "max": 1173.72198418991
      },
      "outage": {
        "-5.0": 0.008333333333333333,
        "0.0": 0.03333333333333333,
        "5.0": 0.15833333333333333,
        "10.0": 0.4
      },
      "tail": {
        "tail_mean_sinr_db": -1.6642516065985333,
        "tail_mean_rate_mbps": 78.78317077447461,
        "tail_mean_margin_db": -1.6642516065985333
      }
    },
    "model_worst_region": {
      "count": 25,
      "sinr_db": {
        "count": 25,
        "mean": -10.71318334407648,
        "p10": -13.258609929508562,
        "p50": -10.334788696984191,
        "p90": -8.871802029133693,
        "min": -15.112027973618126,
        "max": -8.625441402391004
      },
      "margin_db": {
        "count": 25,
        "mean": -10.71318334407648,
        "p10": -13.258609929508562,
        "p50": -10.334788696984191,
        "p90": -8.871802029133693,
        "min": -15.112027973618126,
        "max": -8.625441402391004
      },
      "rate_mbps": {
        "count": 25,
        "mean": 12.613593817988637,
        "p10": 6.665048429246319,
        "p50": 12.774003238352954,
        "p90": 17.589644188893203,
        "min": 4.378891482495135,
        "max": 18.552678718461387
      },
      "outage": {
        "-5.0": 1.0,
        "0.0": 1.0,
        "5.0": 1.0,
        "10.0": 1.0
      },
      "tail": {
        "tail_mean_sinr_db": -15.112027973618126,
        "tail_mean_rate_mbps": 4.378891482495135,
        "tail_mean_margin_db": -15.112027973618126
      }
    }
  }
}