{
  "dataset_id": "dryad",
  "family": "Dryad Ericsson 5G NSA",
  "reference_altitude_m": 29.9488127,
  "station_height_m": 12.0,
  "comm_freq_hz": 3600000000.0,
  "algorithm_group": "ga",
  "search": {
    "best_score": 1.0,
    "score_stats": {
      "count": 40,
      "mean": 1.0,
      "std": 0.0,
      "p10": 1.0,
      "p50": 1.0,
      "p90": 1.0,
      "max": 1.0,
      "min": 1.0
    },
    "num_samples": 40,
    "gan_training": {}
  },
  "environment_alignment": {
    "notes": "Dryad日志无BS方位字段，使用高SINR/高吞吐样本的质心作为服务中心代理；站高沿用AERPAW反推的12 m口径。",
    "area_size_m": 614.0168200960219,
    "station_xy_local_m": [
      71.39307131457228,
      22.466398102198983
    ],
    "station_xy_aligned_m": [
      392.5001347700527,
      321.7178539478443
    ],
    "shift_xy_m": [
      321.1070634554804,
      299.2514558456453
    ],
    "hotspots": [
      {
        "x_m": 403.70778252312095,
        "y_m": 236.0549273563042,
        "height_m": 16.0,
        "power_dbm": 30.0,
        "type_id": 3.0
      },
      {
        "x_m": 158.27868210603089,
        "y_m": 232.79691600560972,
        "height_m": 16.0,
        "power_dbm": 34.0,
        "type_id": 3.0
      }
    ]
  },
  "groups": {
    "measured_selected": {
      "count": 6,
      "sinr_db": {
        "count": 6,
        "mean": 7.394319615545707,
        "p10": -4.303512414387587,
        "p50": 7.001506276173675,
        "p90": 19.484964984851032,
        "min": -9.065684564648826,
        "max": 21.551726683085477
      },
      "margin_db": {
        "count": 6,
        "mean": 7.394319615545707,
        "p10": -4.303512414387587,
        "p50": 7.001506276173675,
        "p90": 19.484964984851032,
        "min": -9.065684564648826,
        "max": 21.551726683085477
      },
      "rate_mbps": {
        "count": 6,
        "mean": 326.3900085189649,
        "p10": 62.34189207887069,
        "p50": 267.7532914847472,
        "p90": 649.0748419932769,
        "min": 16.864564845290563,
        "max": 716.9386070309565
      },
      "outage": {
        "-5.0": 0.16666666666666666,
        "0.0": 0.16666666666666666,
        "5.0": 0.5,
        "10.0": 0.5
      },
      "tail": {
        "tail_mean_sinr_db": -9.065684564648826,
        "tail_mean_rate_mbps": 16.864564845290563,
        "tail_mean_margin_db": -9.065684564648826
      }
    },
    "measured_trajectory": {
      "count": 7451,
      "sinr_db": {
        "count": 7451,
        "mean": 14.68898489101702,
        "p10": 4.247216445004533,
        "p50": 14.895512409876787,
        "p90": 24.729304945763502,
        "min": -21.281959879405953,
        "max": 44.86708249761034
      },
      "margin_db": {
        "count": 7451,
        "mean": 14.68898489101702,
        "p10": 4.247216445004533,
        "p50": 14.895512409876787,
        "p90": 24.729304945763502,
        "min": -21.281959879405953,
        "max": 44.86708249761034
      },
      "rate_mbps": {
        "count": 7451,
        "mean": 507.0520386328098,
        "p10": 187.1457399354418,
        "p50": 499.41741293875265,
        "p90": 821.9744746531868,
        "min": 1.0699589282369737,
        "max": 1490.4569227566321
      },
      "outage": {
        "-5.0": 0.012347335928063348,
        "0.0": 0.04214199436317273,
        "5.0": 0.11542074889276607,
        "10.0": 0.27647295665011407
      },
      "tail": {
        "tail_mean_sinr_db": -3.4171619364531973,
        "tail_mean_rate_mbps": 64.25681233579516,
        "tail_mean_margin_db": -3.4171619364531973
      }
    },
    "random": {
      "count": 120,
      "sinr_db": {
        "count": 120,
        "mean": 13.78138278360424,
        "p10": 4.053025451436927,
        "p50": 13.518169653806908,
        "p90": 22.72512231895877,
        "min": -3.2277777677101227,
        "max": 29.81043263622871
      },
      "margin_db": {
        "count": 120,
        "mean": 13.78138278360424,
        "p10": 4.053025451436927,
        "p50": 13.518169653806908,
        "p90": 22.72512231895877,
        "min": -3.2277777677101227,
        "max": 29.81043263622871
      },
      "rate_mbps": {
        "count": 120,
        "mean": 474.3737819255834,
        "p10": 182.4872444304564,
        "p50": 455.34262785229714,
        "p90": 755.6805095921661,
        "min": 56.12806846349042,
        "max": 990.4317645441436
      },
      "outage": {
        "-5.0": 0.0,
        "0.0": 0.025,
        "5.0": 0.10833333333333334,
        "10.0": 0.30833333333333335
      },
      "tail": {
        "tail_mean_sinr_db": -0.23804629403917468,
        "tail_mean_rate_mbps": 98.71489649001599,
        "tail_mean_margin_db": -0.23804629403917468
      }
    },
    "model_worst_region": {
      "count": 25,
      "sinr_db": {
        "count": 25,
        "mean": -7.732751803011215,
        "p10": -11.062163508593745,
        "p50": -6.9221928848341605,
        "p90": -5.210744932221837,
        "min": -12.174511626706987,
        "max": -5.115783247311974
      },
      "margin_db": {
        "count": 25,
        "mean": -7.732751803011215,
        "p10": -11.062163508593745,
        "p50": -6.9221928848341605,
        "p90": -5.210744932221837,
        "min": -12.174511626706987,
        "max": -5.115783247311974
      },
      "rate_mbps": {
        "count": 25,
        "mean": 25.038921715352885,
        "p10": 10.8779516766894,
        "p50": 26.67962620911801,
        "p90": 37.99266729159358,
        "min": 8.489512054677244,
        "max": 38.726161267227305
      },
      "outage": {
        "-5.0": 1.0,
        "0.0": 1.0,
        "5.0": 1.0,
        "10.0": 1.0
      },
      "tail": {
        "tail_mean_sinr_db": -12.174511626706987,
        "tail_mean_rate_mbps": 8.489512054677244,
        "tail_mean_margin_db": -12.174511626706987
      }
    }
  }
}