x_m,y_m,field_score,combined_metric_risk,global_confidence,metric_confidence,poor_proximity,nearest_measured_dist_m,nearest_poor_dist_m,predicted_sinr_db,predicted_throughput_mbps
272.8963644871208,272.8963644871208,0.6554304722423052,0.7746294463337565,0.8361587971100909,0.8121125269830132,0.8361587971100909,3.5787347047824785,3.5787347047824785,15.462514692594624,314.1075009769355
272.8963644871208,68.2240911217802,0.6368815953134725,0.7786952607507697,0.816277760692872,0.8025908663953162,0.7889039720977604,4.0600117786523064,4.742213478223696,22.34004856918358,263.31446087991935
341.120455608901,272.8963644871208,0.5950043596313012,0.8734908266773238,0.7018654666097177,0.6931471721520568,0.7018654666097177,7.08027072656587,7.08027072656587,16.187834727509344,300.088685917327
272.8963644871208,204.67227336534063,0.5753895429811886,0.5953559674479496,0.8981545789306733,0.8955935461358615,0.8972182947734617,2.1482617719989396,2.1691217115870294,18.029785601090467,311.056913789917
136.4481822435604,409.34454673068126,0.4976487409264492,0.6403311289692964,0.7571325490617722,0.7454660667978767,0.7533294057987727,5.564338860732612,5.665053778779156,17.760504781452532,309.0738255867167
136.4481822435604,341.120455608901,0.4721272557428463,0.7186764719662351,0.6650661681383999,0.6565337135119031,0.6601344112535983,8.157374846323503,8.306236225633292,17.54876526169262,303.73219188122545
