x_m,y_m,field_score,combined_metric_risk,global_confidence,metric_confidence,poor_proximity,nearest_measured_dist_m,nearest_poor_dist_m,predicted_sinr_db,predicted_throughput_mbps
414.2289985669757,240.85984660070048,0.7845517632934599,1.2441261383923399,0.6768968952127329,0.6766151965682983,0.6768968952127329,7.8047262850403065,7.8047262850403065,16.41921172574987,265.7760138326417
109.37549374085937,321.5118591066755,0.6923117863278377,0.9891537409970608,0.7286852286695898,0.7253986262801307,0.7286852286695898,6.3302685061845825,6.3302685061845825,14.343136115783619,303.4381392765121
301.8547902496701,364.49753370690365,0.7633973283266907,0.7980583091134184,0.9329205168817168,0.9199778232128277,0.9329205168817168,1.3887054534588865,1.3887054534588865,17.163509035947833,299.57180253440174
399.16281474791964,218.95710885076954,1.0368953108796504,1.2369202499309688,0.876592033736337,0.8463705864510791,0.876592033736337,2.6342715744514336,2.6342715744514336,16.953642809614617,262.49097073556754
