{
  "dataset_id": "dryad",
  "family": "Dryad Ericsson 5G NSA",
  "methodology": {
    "mode": "measured_map_driven",
    "notes": "Measured-map-driven comparison. The open dataset is treated as a measured field only. No explicit serving base station, hotspot, or fictional interferer reconstruction is used for visualization or optimization.",
    "low_quantile": 0.1,
    "spacing_ref_m": 5.0,
    "shift_xy_m": [
      321.1070634554804,
      299.2514558456453
    ],
    "area_size_m": 614.0168200960219,
    "no_explicit_bs_or_interferer_reconstruction": true
  },
  "search_groups": {
    "random": {
      "best_score": 0.711905660477792,
      "score_stats": {
        "count": 12,
        "mean": 0.23751650730972018,
        "std": 0.2301544576539154,
        "p10": 0.005473223304023808,
        "p50": 0.1360512422073935,
        "p90": 0.5968446476488768,
        "min": 0.0005857083005081157,
        "max": 0.711905660477792
      },
      "num_samples": 12,
      "search_note": "",
      "gan_training": {}
    },
    "ga": {
      "best_score": 1.0368953108796504,
      "score_stats": {
        "count": 4,
        "mean": 0.8192890472069096,
        "std": 0.13019818921842893,
        "p10": 0.7136374489274936,
        "p50": 0.7739745458100753,
        "p90": 0.9611922466037932,
        "min": 0.6923117863278377,
        "max": 1.0368953108796504
      },
      "num_samples": 4,
      "search_note": "geatpy_ga",
      "gan_training": {}
    },
    "gan": {
      "best_score": 0.9293377843283697,
      "score_stats": {
        "count": 6,
        "mean": 0.5697294354563787,
        "std": 0.19479296521193637,
        "p10": 0.3588846835545462,
        "p50": 0.5661058693646763,
        "p90": 0.7841977534499134,
        "min": 0.33063431770568746,
        "max": 0.9293377843283697
      },
      "num_samples": 6,
      "search_note": "",
      "gan_training": {
        "epochs": 2,
        "batch_size": 2,
        "latent_dim": 8
      }
    }
  },
  "groups": {
    "measured_poor_cloud": {
      "count": 919,
      "field_score": {
        "count": 919,
        "mean": 0.9043453856234341,
        "p10": 0.6746795418535749,
        "p50": 0.8269645108584525,
        "p90": 1.281829220279158,
        "min": 0.575,
        "max": 1.4249999999999998
      },
      "predicted_sinr_db": {
        "count": 919,
        "mean": 16.87439063707133,
        "p10": 15.0,
        "p50": 16.713518532258075,
        "p90": 21.578978357125624,
        "min": 13.0,
        "max": 23.28229105573154
      },
      "predicted_throughput_mbps": {
        "count": 919,
        "mean": 284.9250979952575,
        "p10": 231.9944988432806,
        "p50": 302.2610658624275,
        "p90": 317.7809468961261,
        "min": 28.6,
        "max": 329.16546360958085
      },
      "nearest_poor_dist_m": {
        "count": 919,
        "mean": 0.0,
        "p10": 0.0,
        "p50": 0.0,
        "p90": 0.0,
        "min": 0.0,
        "max": 0.0
      },
      "global_confidence": {
        "count": 919,
        "mean": 1.0,
        "p10": 1.0,
        "p50": 1.0,
        "p90": 1.0,
        "min": 1.0,
        "max": 1.0
      },
      "hit_rate_15m": 1.0,
      "hit_rate_25m": 1.0,
      "hit_rate_40m": 1.0
    },
    "measured_selected": {
      "count": 6,
      "field_score": {
        "count": 6,
        "mean": 0.9274357613768434,
        "p10": 0.31780257131444795,
        "p50": 1.1197745928369802,
        "p90": 1.3447301199791024,
        "min": 0.15236045639172888,
        "max": 1.4249999999999998
      },
      "predicted_sinr_db": {
        "count": 6,
        "mean": 16.47989736954423,
        "p10": 13.0,
        "p50": 16.439692108632684,
        "p90": 20.0,
        "min": 13.0,
        "max": 22.0
      },
      "predicted_throughput_mbps": {
        "count": 6,
        "mean": 204.1507146563283,
        "p10": 64.8,
        "p50": 231.06978849436348,
        "p90": 316.5823554746214,
        "min": 28.6,
        "max": 318.76562692865764
      },
      "nearest_poor_dist_m": {
        "count": 6,
        "mean": 24.453879103501254,
        "p10": 0.0,
        "p50": 0.0,
        "p90": 73.36163731050377,
        "min": 0.0,
        "max": 86.44433569270147
      },
      "global_confidence": {
        "count": 6,
        "mean": 1.0,
        "p10": 1.0,
        "p50": 1.0,
        "p90": 1.0,
        "min": 1.0,
        "max": 1.0
      },
      "hit_rate_15m": 0.6666666666666666,
      "hit_rate_25m": 0.6666666666666666,
      "hit_rate_40m": 0.6666666666666666
    },
    "random": {
      "count": 12,
      "field_score": {
        "count": 12,
        "mean": 0.23751650730972018,
        "p10": 0.005473223304023808,
        "p50": 0.1360512422073935,
        "p90": 0.5968446476488768,
        "min": 0.0005857083005081157,
        "max": 0.711905660477792
      },
      "predicted_sinr_db": {
        "count": 12,
        "mean": 20.673325078882456,
        "p10": 17.52097126680719,
        "p50": 21.57212921383565,
        "p90": 23.123880753584412,
        "min": 16.84089114322563,
        "max": 23.493440833159084
      },
      "predicted_throughput_mbps": {
        "count": 12,
        "mean": 301.9764557399809,
        "p10": 268.9402326309349,
        "p50": 311.67836162718555,
        "p90": 316.22001194532163,
        "min": 258.84194745393444,
        "max": 316.661492431179
      },
      "nearest_poor_dist_m": {
        "count": 12,
        "mean": 43.81744957930919,
        "p10": 7.365491131290543,
        "p50": 28.730881784280754,
        "p90": 100.97144666459955,
        "min": 1.4267406346262883,
        "max": 139.82777327965783
      },
      "global_confidence": {
        "count": 12,
        "mean": 0.5225784898127142,
        "p10": 0.017077311458020043,
        "p50": 0.5444458131437743,
        "p90": 0.9513308421152408,
        "min": 0.0009235697349008136,
        "max": 0.9871700491268707
      },
      "hit_rate_15m": 0.25,
      "hit_rate_25m": 0.5,
      "hit_rate_40m": 0.5833333333333334
    },
    "ga": {
      "count": 4,
      "field_score": {
        "count": 4,
        "mean": 0.8192890472069096,
        "p10": 0.7136374489274936,
        "p50": 0.7739745458100753,
        "p90": 0.9611922466037932,
        "min": 0.6923117863278377,
        "max": 1.0368953108796504
      },
      "predicted_sinr_db": {
        "count": 4,
        "mean": 16.219874921773986,
        "p10": 14.965958798773494,
        "p50": 16.686427267682244,
        "p90": 17.10054916804787,
        "min": 14.343136115783619,
        "max": 17.163509035947833
      },
      "predicted_throughput_mbps": {
        "count": 4,
        "mean": 282.8192315947808,
        "p10": 263.4764836646898,
        "p50": 282.6739081835217,
        "p90": 302.278238253879,
        "min": 262.49097073556754,
        "max": 303.4381392765121
      },
      "nearest_poor_dist_m": {
        "count": 4,
        "mean": 4.539492954783802,
        "p10": 1.7623752897566507,
        "p50": 4.482270040318008,
        "p90": 7.36238895138359,
        "min": 1.3887054534588865,
        "max": 7.8047262850403065
      },
      "global_confidence": {
        "count": 4,
        "mean": 0.8037736686250941,
        "p10": 0.69243339524979,
        "p50": 0.8026386312029634,
        "p90": 0.9160219719381029,
        "min": 0.6768968952127329,
        "max": 0.9329205168817168
      },
      "hit_rate_15m": 1.0,
      "hit_rate_25m": 1.0,
      "hit_rate_40m": 1.0
    },
    "gan": {
      "count": 6,
      "field_score": {
        "count": 6,
        "mean": 0.5697294354563787,
        "p10": 0.3588846835545462,
        "p50": 0.5661058693646763,
        "p90": 0.7841977534499134,
        "min": 0.33063431770568746,
        "max": 0.9293377843283697
      },
      "predicted_sinr_db": {
        "count": 6,
        "mean": 16.99112140256664,
        "p10": 15.725497083927406,
        "p50": 16.448306506637785,
        "p90": 18.799560617134738,
        "min": 15.653282400754131,