{
  "out_dir": "output\\bench_optional_all_controlled_s2026\\compare\\kpi",
  "bler_a_csv": "output\\bench_optional_all_controlled_s2026\\compare\\kpi\\BLER_A.csv",
  "bler_b_csv": "",
  "groups": {
    "ga": {
      "kpis": {
        "count_links": 72,
        "outage": {
          "-5.0": 0.20833333333333334,
          "0.0": 0.6527777777777778,
          "5.0": 0.8472222222222222,
          "10.0": 0.8888888888888888
        },
        "sinr_db": {
          "count": 72,
          "mean": 0.3133002674089064,
          "p10": -5.74781580512703,
          "p50": -1.9363507647545786,
          "p90": 16.03934283063312,
          "min": -8.011597479724458,
          "max": 22.61804626283525
        },
        "rate_bps": {
          "count": 72,
          "mean": 28626983.908634722,
          "p10": 6810322.507943601,
          "p50": 14280964.450829867,
          "p90": 107564297.66239601,
          "min": 4234365.7639297955,
          "max": 150428522.61674553
        },
        "ee_bpj": {
          "count": 72,
          "mean": 201263.33409610225,
          "p10": 44757.58134034381,
          "p50": 101484.50051988685,
          "p90": 687876.4168785532,
          "min": 27033.239693608357,
          "max": 1188297.0867153963
        },
        "tail": {
          "tail_pct": 5.0,
          "tail_mean_sinr_db": -7.663718792795147,
          "tail_mean_rate_bps": 4578200.031873427,
          "tail_mean_ee_bpj": 32363.645111616886
        }
      },
      "throughput_A": {
        "count_links": 72,
        "throughput_bps": {
          "count": 72,
          "mean": 14323043.532134231,
          "p10": 0.0,
          "p50": 0.0,
          "p90": 102210002.0047936,
          "min": 0.0,
          "max": 150428522.61674553
        },
        "tail": {
          "tail_pct": 5.0,
          "tail_mean_throughput_bps": 0.0
        }
      }
    },
    "gan": {
      "kpis": {
        "count_links": 240,
        "outage": {
          "-5.0": 0.0,
          "0.0": 0.14583333333333334,
          "5.0": 0.7375,
          "10.0": 0.7416666666666667
        },
        "sinr_db": {
          "count": 240,
          "mean": 5.922192979036562,
          "p10": -0.2528938541624085,
          "p50": 1.543751385819547,
          "p90": 19.87923732462934,
          "min": -1.7376559860235403,
          "max": 22.30819327868771
        },
        "rate_bps": {
          "count": 240,
          "mean": 51863339.55333714,
          "p10": 19172141.07936906,
          "p50": 25581839.793792486,
          "p90": 132369955.09103243,
          "min": 14801216.624034023,
          "max": 148381515.71937346
        },
        "ee_bpj": {
          "count": 240,
          "mean": 406449.1867155296,
          "p10": 151162.65569355353,
          "p50": 200867.2529191587,
          "p90": 1041526.9126663377,
          "min": 116893.24946065729,
          "max": 1171849.4481170492
        },
        "tail": {
          "tail_pct": 5.0,
          "tail_mean_sinr_db": -0.9847385334474161,
          "tail_mean_rate_bps": 16933202.74841389,
          "tail_mean_ee_bpj": 132821.6230699135
        }
      },
      "throughput_A": {
        "count_links": 240,
        "throughput_bps": {
          "count": 240,
          "mean": 33730592.23358745,
          "p10": 0.0,
          "p50": 0.0,
          "p90": 132369955.09103243,
          "min": 0.0,
          "max": 148381515.71937346
        },
        "tail": {
          "tail_pct": 5.0,
          "tail_mean_throughput_bps": 0.0
        }
      }
    },
    "random": {
      "kpis": {
        "count_links": 576,
        "outage": {
          "-5.0": 0.16319444444444445,
          "0.0": 0.5503472222222222,
          "5.0": 0.7013888888888888,
          "10.0": 0.7256944444444444
        },
        "sinr_db": {
          "count": 576,
          "mean": 3.630928121019172,
          "p10": -5.613378034113353,
          "p50": -0.7280032676485177,
          "p90": 20.82051355712636,
          "min": -8.185287498559532,
          "max": 32.2062881000914
        },
        "rate_bps": {
          "count": 576,
          "mean": 46254350.85063393,
          "p10": 7000342.76214371,
          "p50": 17682981.45551451,
          "p90": 138566382.82335454,
          "min": 4079551.562600307,
          "max": 213991302.36206836
        },
        "ee_bpj": {
          "count": 576,
          "mean": 328507.58804530505,
          "p10": 48096.10945389855,
          "p50": 124709.6493593566,
          "p90": 976904.4748899722,
          "min": 27450.26171805803,
          "max": 1694417.8952758356
        },
        "tail": {
          "tail_pct": 5.0,
          "tail_mean_sinr_db": -7.175772709841078,
          "tail_mean_rate_bps": 5078123.686274321,
          "tail_mean_ee_bpj": 34729.82638605906
        }
      },
      "throughput_A": {
        "count_links": 576,
        "throughput_bps": {
          "count": 576,
          "mean": 34743165.05570851,
          "p10": 0.0,
          "p50": 0.0,
          "p90": 138566382.82335454,
          "min": 0.0,
          "max": 213991302.36206836
        },
        "tail": {
          "tail_pct": 5.0,
          "tail_mean_throughput_bps": 0.0
        }
      }
    }
  }
}