{
  "avg_total_deg": {
    "count": 12,
    "mean": 0.21841435043421653,
    "std": 0.011835280038102998,
    "p10": 0.21199820858940377,
    "p50": 0.21674150844859813,
    "p90": 0.21990626318474898,
    "min": 0.2039776132952528,
    "max": 0.2550694885571916
  },
  "avg_comm_deg": {
    "count": 12,
    "mean": 0.31202050062030934,
    "std": 0.016907542911575705,
    "p10": 0.3028545836991483,
    "p50": 0.3096307263551401,
    "p90": 0.3141518045496414,
    "min": 0.2913965904217897,
    "max": 0.3643849836531308
  },
  "avg_cdi": {
    "count": 12,
    "mean": 0.0,
    "std": 0.0,
    "p10": 0.0,
    "p50": 0.0,
    "p90": 0.0,
    "min": 0.0,
    "max": 0.0
  },
  "avg_interference_dbm": {
    "count": 12,
    "mean": -114.00116021136604,
    "std": 3.7991783133083024,
    "p10": -117.4178869801637,
    "p50": -116.20866823458641,
    "p90": -108.22435545429418,
    "min": -118.04078222396925,
    "max": -107.29815868812466
  },
  "avg_margin_db": {
    "count": 12,
    "mean": 5.6339113027061005,
    "std": 0.39619691206016894,
    "p10": 5.552427550955339,
    "p50": 5.684203012945882,
    "p90": 5.726562982330671,
    "min": 4.532773347181329,
    "max": 6.42980931540712
  },
  "gan_training": {
    "epochs": 8,
    "batch_size": 8,
    "latent_dim": 16
  }
}