{
  "dataset_id": "aerpaw",
  "family": "AERPAW 5G NSA",
  "methodology": {
    "mode": "measured_map_driven",
    "notes": "Measured-map-driven comparison. The open dataset is treated as a measured field only. No explicit serving base station, hotspot, or fictional interferer reconstruction is used for visualization or optimization.",
    "low_quantile": 0.1,
    "spacing_ref_m": 5.0,
    "shift_xy_m": [
      513.7449077583708,
      236.93890360058958
    ],
    "area_size_m": 615.7622387688107,
    "no_explicit_bs_or_interferer_reconstruction": true
  },
  "search_groups": {
    "random": {
      "best_score": 0.782350803122712,
      "score_stats": {
        "count": 60,
        "mean": 0.2164589995004634,
        "std": 0.22189177536611127,
        "p10": 0.002525816533226943,
        "p50": 0.14898212481922363,
        "p90": 0.5666644503392924,
        "min": 1.2979968611120927e-05,
        "max": 0.782350803122712
      },
      "num_samples": 60,
      "search_note": "",
      "gan_training": {}
    },
    "ga": {
      "best_score": 1.259904963188338,
      "score_stats": {
        "count": 40,
        "mean": 1.106228801079795,
        "std": 0.09897120038404114,
        "p10": 0.9851064071539477,
        "p50": 1.1180076609888285,
        "p90": 1.2344790486109025,
        "min": 0.8676416646916516,
        "max": 1.259904963188338
      },
      "num_samples": 40,
      "search_note": "geatpy_ga",
      "gan_training": {}
    },
    "gan": {
      "best_score": 0.9669337422706877,
      "score_stats": {
        "count": 20,
        "mean": 0.5770381667012514,
        "std": 0.20982572231064567,
        "p10": 0.3094197061509761,
        "p50": 0.5559378568222269,
        "p90": 0.8757021187882569,
        "min": 0.27598937559471803,
        "max": 0.9669337422706877
      },
      "num_samples": 20,
      "search_note": "",
      "gan_training": {
        "epochs": 300,
        "batch_size": 32,
        "latent_dim": 32
      }
    }
  },
  "groups": {
    "measured_poor_cloud": {
      "count": 302,
      "field_score": {
        "count": 302,
        "mean": 1.018866078446571,
        "p10": 0.8450355144677283,
        "p50": 1.0169024795335293,
        "p90": 1.2117641553579785,
        "min": 0.3065161441272813,
        "max": 1.3204437886317175
      },
      "predicted_sinr_db": {
        "count": 302,
        "mean": 18.76051505246328,
        "p10": 15.0,
        "p50": 18.0,
        "p90": 21.0,
        "min": 12.0,
        "max": 31.071636224576483
      },
      "predicted_throughput_mbps": {
        "count": 302,
        "mean": 179.44986552958363,
        "p10": 141.0,
        "p50": 167.5143063310408,
        "p90": 254.80000000000007,
        "min": 7.07,
        "max": 321.0
      },
      "nearest_poor_dist_m": {
        "count": 302,
        "mean": 0.0,
        "p10": 0.0,
        "p50": 0.0,
        "p90": 0.0,
        "min": 0.0,
        "max": 0.0
      },
      "global_confidence": {
        "count": 302,
        "mean": 1.0,
        "p10": 1.0,
        "p50": 1.0,
        "p90": 1.0,
        "min": 1.0,
        "max": 1.0
      },
      "hit_rate_15m": 1.0,
      "hit_rate_25m": 1.0,
      "hit_rate_40m": 1.0
    },
    "measured_selected": {
      "count": 5,
      "field_score": {
        "count": 5,
        "mean": 0.8470283503401932,
        "p10": 0.3465655333683273,
        "p50": 0.8724999999999999,
        "p90": 1.2735902798463496,
        "min": 0.08371781502549329,
        "max": 1.2917777476459595
      },
      "predicted_sinr_db": {
        "count": 5,
        "mean": 21.413151841789222,
        "p10": 12.8,
        "p50": 23.0,
        "p90": 29.43945552536767,
        "min": 12.0,
        "max": 31.06575920894612
      },
      "predicted_throughput_mbps": {
        "count": 5,
        "mean": 197.64145662496867,
        "p10": 62.696913249937325,
        "p50": 169.0,
        "p90": 353.6,
        "min": 7.07,
        "max": 436.0
      },
      "nearest_poor_dist_m": {
        "count": 5,
        "mean": 2.3771675916304384,
        "p10": 0.0,
        "p50": 0.0,
        "p90": 7.0870691650833715,
        "min": 0.0,
        "max": 11.663669909112466
      },
      "global_confidence": {
        "count": 5,
        "mean": 1.0,
        "p10": 1.0,
        "p50": 1.0,
        "p90": 1.0,
        "min": 1.0,
        "max": 1.0
      },
      "hit_rate_15m": 1.0,
      "hit_rate_25m": 1.0,
      "hit_rate_40m": 1.0
    },
    "random": {
      "count": 60,
      "field_score": {
        "count": 60,
        "mean": 0.2164589995004634,
        "p10": 0.002525816533226943,
        "p50": 0.14898212481922363,
        "p90": 0.5666644503392924,
        "min": 1.2979968611120927e-05,
        "max": 0.782350803122712
      },
      "predicted_sinr_db": {
        "count": 60,
        "mean": 23.589456458921816,
        "p10": 19.648546734178748,
        "p50": 23.92620270258321,
        "p90": 27.63047668731563,
        "min": 14.996866661029191,
        "max": 30.062219695268613
      },
      "predicted_throughput_mbps": {
        "count": 60,
        "mean": 252.00415084690763,
        "p10": 165.6181834432553,
        "p50": 255.9536298751533,
        "p90": 305.3904660763784,
        "min": 151.95318452221545,
        "max": 381.1308386134048
      },
      "nearest_poor_dist_m": {
        "count": 60,
        "mean": 71.20545045896264,
        "p10": 9.211673234884111,
        "p50": 64.81819268046684,
        "p90": 137.7002117511313,
        "min": 2.0942300862808736,
        "max": 242.38797523873336
      },
      "global_confidence": {
        "count": 60,
        "mean": 0.3703608601871207,
        "p10": 0.005766321232775213,
        "p50": 0.2883697873471016,
        "p90": 0.81181414648128,
        "min": 1.5437424659345467e-05,
        "max": 0.9483350534099901
      },
      "hit_rate_15m": 0.25,
      "hit_rate_25m": 0.36666666666666664,
      "hit_rate_40m": 0.4166666666666667
    },
    "ga": {
      "count": 40,
      "field_score": {
        "count": 40,
        "mean": 1.106228801079795,
        "p10": 0.9851064071539477,
        "p50": 1.1180076609888285,
        "p90": 1.2344790486109025,
        "min": 0.8676416646916516,
        "max": 1.259904963188338
      },
      "predicted_sinr_db": {
        "count": 40,
        "mean": 17.34622422873246,
        "p10": 14.949179465320361,
        "p50": 17.470233419454875,
        "p90": 19.37395923743158,
        "min": 14.49017111121697,
        "max": 27.023255021307055
      },
      "predicted_throughput_mbps": {
        "count": 40,
        "mean": 161.7058306294329,
        "p10": 143.02909645053134,
        "p50": 154.84129524310254,
        "p90": 188.23970389824854,
        "min": 37.81805222298684,
        "max": 261.1249957838062
      },
      "nearest_poor_dist_m": {
        "count": 40,
        "mean": 0.16092404788481995,
        "p10": 0.023871139331336055,
        "p50": 0.08754060136943387,
        "p90": 0.426691444843907,
        "min": 0.017196992938615766,
        "max": 0.7299509089319489
      },
      "global_confidence": {
        "count": 40,
        "mean": 0.9920234911180177,
        "p10": 0.978891876488764,
        "p50": 0.9956327021806703,
        "p90": 0.9988071550501826,
        "min": 0.9641604604767584,
        "max": 0.9991405199178459
      },
      "hit_rate_15m": 1.0,
      "hit_rate_25m": 1.0,
      "hit_rate_40m": 1.0
    },
    "gan": {
      "count": 20,
      "field_score": {
        "count": 20,
        "mean": 0.5770381667012514,
        "p10": 0.3094197061509761,
        "p50": 0.5559378568222269,
        "p90": 0.8757021187882569,
        "min": 0.27598937559471803,
        "max": 0.9669337422706877
      },
      "predicted_sinr_db": {
        "count": 20,
        "mean": 19.55370470206919,
        "p10": 18.54433826102605,
        "p50": 19.652140852570636,
        "p90": 20.521033195098365,
        "min": 17.149185528564495,
        "max": 21.130269819646973
      },