{
  "ga_summary": {
    "avg_total_deg": {
      "count": 3,
      "mean": 0.39810381369156156,
      "std": 0.01362868641376782,
      "p10": 0.384586892132402,
      "p50": 0.39899282895634175,
      "p90": 0.411265129144809,
      "min": 0.38098540792641705,
      "max": 0.4143332041919258
    },
    "avg_comm_deg": {
      "count": 3,
      "mean": 0.5687197338450879,
      "std": 0.019469552019668254,
      "p10": 0.5494098459034314,
      "p50": 0.5699897556519168,
      "p90": 0.5875216130640127,
      "min": 0.5442648684663101,
      "max": 0.5919045774170367
    },
    "avg_cdi": {
      "count": 3,
      "mean": 0.0,
      "std": 0.0,
      "p10": 0.0,
      "p50": 0.0,
      "p90": 0.0,
      "min": 0.0,
      "max": 0.0
    },
    "avg_interference_dbm": {
      "count": 3,
      "mean": -113.27005938433024,
      "std": 0.6217922631440028,
      "p10": -113.89430598399274,
      "p50": -112.88155984977413,
      "p90": -112.80121259849018,
      "min": -114.14749251754739,
      "max": -112.78112578566919
    },
    "avg_margin_db": {
      "count": 3,
      "mean": 0.31330026740890643,
      "std": 1.3074008673285797,
      "p10": -0.9890805223332608,
      "p50": 0.43391744132416105,
      "p90": 1.5674341875849718,
      "min": -1.3448300132476163,
      "max": 1.8508133741501744
    }
  },
  "gan_summary": {
    "avg_total_deg": {
      "count": 10,
      "mean": 0.21321348430738457,
      "std": 0.005958086082896755,
      "p10": 0.20320338833814167,
      "p50": 0.21462461037637742,
      "p90": 0.21833778407229876,
      "min": 0.2016581362626262,
      "max": 0.22103248447977175
    },
    "avg_comm_deg": {
      "count": 10,
      "mean": 0.3045906918676922,
      "std": 0.008511551546995375,
      "p10": 0.29029055476877375,
      "p50": 0.3066065862519678,
      "p90": 0.3119111201032839,
      "min": 0.2880830518037517,
      "max": 0.3157606921139597
    },
    "avg_cdi": {
      "count": 10,
      "mean": 0.0,
      "std": 0.0,
      "p10": 0.0,
      "p50": 0.0,
      "p90": 0.0,
      "min": 0.0,
      "max": 0.0
    },
    "avg_interference_dbm": {
      "count": 10,
      "mean": -114.25272729422129,
      "std": 3.238702275069765,
      "p10": -117.95182063860605,
      "p50": -114.97251487098526,
      "p90": -109.94497015118323,
      "min": -118.89823917090416,
      "max": -109.41124551013665
    },
    "avg_margin_db": {
      "count": 10,
      "mean": 5.922192979036563,
      "std": 0.24927832923952323,
      "p10": 5.761650952972621,
      "p50": 5.8254343963577195,
      "p90": 6.390003611025524,
      "min": 5.703948053240864,
      "max": 6.441823911994569
    }
  },
  "random_summary": {
    "avg_total_deg": {
      "count": 24,
      "mean": 0.3305045634697944,
      "std": 0.04532710427414073,
      "p10": 0.2807814419216293,
      "p50": 0.32308392769653915,
      "p90": 0.3868405860433063,
      "min": 0.24656295176764706,
      "max": 0.45994784327398913
    },
    "avg_comm_deg": {
      "count": 24,
      "mean": 0.4721493763854207,
      "std": 0.06475300610591532,
      "p10": 0.4011163456023276,
      "p50": 0.46154846813791317,
      "p90": 0.5526294086332947,
      "min": 0.35223278823949583,
      "max": 0.6570683475342701
    },
    "avg_cdi": {
      "count": 24,
      "mean": 0.0,
      "std": 0.0,
      "p10": 0.0,
      "p50": 0.0,
      "p90": 0.0,
      "min": 0.0,
      "max": 0.0
    },
    "avg_interference_dbm": {
      "count": 24,
      "mean": -110.35925826123196,
      "std": 4.859587817247762,
      "p10": -116.84300368740188,
      "p50": -110.47728937760183,
      "p90": -103.22528377583829,
      "min": -120.2316913201224,
      "max": -102.21641471554713
    },
    "avg_margin_db": {
      "count": 24,
      "mean": 3.630928121019171,
      "std": 1.918375984131036,
      "p10": 0.7732500938229707,
      "p50": 3.5706929757413532,
      "p90": 5.781672123053601,
      "min": -0.7761911563271534,
      "max": 6.89189035558081
    }
  },
  "comparison": {
    "ga_vs_random": {
      "avg_total_deg": {
        "mean_diff": 0.06759925022176716,
        "mean_ratio": 1.2045334851418632,
        "p90_diff": 0.024424543101502716
      },
      "avg_comm_deg": {
        "mean_diff": 0.09657035745966719,
        "mean_ratio": 1.2045334851418628,
        "p90_diff": 0.034892204430718055
      },
      "avg_cdi": {
        "mean_diff": 0.0,
        "mean_ratio": 0.0,
        "p90_diff": 0.0
      },
      "avg_interference_dbm": {
        "mean_diff": -2.910801123098281,
        "mean_ratio": -113270059384.33023,
        "p90_diff": -9.575928822651889
      },
      "avg_margin_db": {
        "mean_diff": -3.3176278536102646,
        "mean_ratio": 0.08628655180344515,
        "p90_diff": -4.214237935468629
      }
    },
    "gan_vs_random": {
      "avg_total_deg": {
        "mean_diff": -0.11729107916240983,
        "mean_ratio": 0.6451150993770489,
        "p90_diff": -0.16850280197100753
      },
      "avg_comm_deg": {
        "mean_diff": -0.16755868451772848,
        "mean_ratio": 0.6451150993770487,
        "p90_diff": -0.24071828853001076
      },
      "avg_cdi": {
        "mean_diff": 0.0,
        "mean_ratio": 0.0,
        "p90_diff": 0.0
      },
      "avg_interference_dbm": {
        "mean_diff": -3.89346903298933,
        "mean_ratio": -114252727294.22128,
        "p90_diff": -6.719686375344935
      },
      "avg_margin_db": {
        "mean_diff": 2.2912648580173918,
        "mean_ratio": 1.6310410951826424,
        "p90_diff": 0.608331487971923
      }
    },
    "ga_vs_gan": {
      "avg_total_deg": {
        "mean_diff": 0.184890329384177,
        "mean_ratio": 1.8671605831347196,
        "p90_diff": 0.19292734507251025
      },
      "avg_comm_deg": {
        "mean_diff": 0.2641290419773957,
        "mean_ratio": 1.8671605831347196,
        "p90_diff": 0.2756104929607288
      },
      "avg_cdi": {
        "mean_diff": 0.0,
        "mean_ratio": 0.0,
        "p90_diff": 0.0
      },
      "avg_interference_dbm": {
        "mean_diff": 0.9826679098910489,
        "mean_ratio": -113270059384.33023,
        "p90_diff": -2.856242447306954
      },
      "avg_margin_db": {
        "mean_diff": -5.608892711627656,
        "mean_ratio": 0.052902745404942025,
        "p90_diff": -4.822569423440552
      }
    }
  }
}