{
  "focus": "SINR-first communication degradation interpretation. Other metrics are treated as SINR-derived or SINR-monotonic evaluation layers.",
  "synthetic_summary": {
    "ga": {
      "mean_sinr_db": 0.3133002674089064,
      "mean_rate_mbps": 28.626983908634724,
      "mean_throughput_a_mbps": 14.323043532134232,
      "outage_at_0db": 0.6527777777777778,
      "outage_at_5db": 0.8472222222222222
    },
    "gan": {
      "mean_sinr_db": 5.922192979036562,
      "mean_rate_mbps": 51.86333955333714,
      "mean_throughput_a_mbps": 33.73059223358745,
      "outage_at_0db": 0.14583333333333334,
      "outage_at_5db": 0.7375
    },
    "random": {
      "mean_sinr_db": 3.630928121019172,
      "mean_rate_mbps": 46.25435085063393,
      "mean_throughput_a_mbps": 34.74316505570851,
      "outage_at_0db": 0.5503472222222222,
      "outage_at_5db": 0.7013888888888888
    }
  },
  "measured_map_summary": {
    "aerpaw": {
      "ga_best_score": 1.259904963188338,
      "gan_best_score": 0.6906642493433814,
      "random_best_score": 0.9272061877076152,
      "ga_hit_rate_15m": 1.0,
      "gan_hit_rate_15m": 0.4,
      "random_hit_rate_15m": 0.15
    },
    "dryad": {
      "ga_best_score": 1.3717567071896504,
      "gan_best_score": 0.8173423509252019,
      "random_best_score": 0.7505067601220013,
      "ga_hit_rate_15m": 1.0,
      "gan_hit_rate_15m": 0.75,
      "random_hit_rate_15m": 0.175
    }
  },
  "ranking": {
    "synthetic_worst_by_mean_sinr": [
      "ga",
      "random",
      "gan"
    ],
    "synthetic_best_by_mean_rate": [
      "gan",
      "random",
      "ga"
    ],
    "synthetic_best_by_mean_throughput_a": [
      "random",
      "gan",
      "ga"
    ]
  }
}