{
  "dataset_id": "aerpaw",
  "family": "AERPAW 5G NSA",
  "reference_altitude_m": 29.936,
  "station_height_m": 11.98287770083776,
  "comm_freq_hz": 3600000000.0,
  "environment_alignment": {
    "notes": "按日志中的基站距离/方位/仰角重建BS相对坐标；站高由日志反推中位数约12 m。",
    "area_size_m": 615.7622387688107,
    "station_xy_local_m": [
      0.0,
      0.0
    ],
    "station_xy_aligned_m": [
      513.7449077583708,
      236.93890360058958
    ],
    "shift_xy_m": [
      513.7449077583708,
      236.93890360058958
    ],
    "hotspots": [
      {
        "x_m": 318.2196182066838,
        "y_m": 274.3512635336535,
        "height_m": 15.98287770083776,
        "power_dbm": 30.0,
        "type_id": 3.0
      },
      {
        "x_m": 259.90824706627404,
        "y_m": 61.18875652587846,
        "height_m": 15.98287770083776,
        "power_dbm": 34.0,
        "type_id": 3.0
      }
    ]
  },
  "groups": {
    "measured_selected": {
      "count": 5,
      "sinr_db": {
        "count": 5,
        "mean": 9.895567317322397,
        "p10": -6.336186350498626,
        "p50": 8.115300930435055,
        "p90": 29.37681474444186,
        "min": -10.721453876521686,
        "max": 43.19952453388396
      },
      "margin_db": {
        "count": 5,
        "mean": 9.895567317322397,
        "p10": -6.336186350498626,
        "p50": 8.115300930435055,
        "p90": 29.37681474444186,
        "min": -10.721453876521686,
        "max": 43.19952453388396
      },
      "rate_mbps": {
        "count": 5,
        "mean": 429.34876479385713,
        "p10": 48.66557848548588,
        "p50": 290.2909019971641,
        "p90": 983.2741722416331,
        "min": 11.72886157915654,
        "max": 1435.0640481121945
      },
      "outage": {
        "-5.0": 0.2,
        "0.0": 0.2,
        "5.0": 0.4,
        "10.0": 0.8
      },
      "tail": {
        "tail_mean_sinr_db": -10.721453876521686,
        "tail_mean_rate_mbps": 11.72886157915654,
        "tail_mean_margin_db": -10.721453876521686
      }
    },
    "measured_trajectory": {
      "count": 2754,
      "sinr_db": {
        "count": 2754,
        "mean": 16.05035328794232,
        "p10": 1.3442549065911256,
        "p50": 13.086099671359705,
        "p90": 36.20426615632685,
        "min": -21.650979303427903,
        "max": 53.17601251880879
      },
      "margin_db": {
        "count": 2754,
        "mean": 16.05035328794232,
        "p10": 1.3442549065911251,
        "p50": 13.086099671359705,
        "p90": 36.20426615632685,
        "min": -21.650979303427903,
        "max": 53.17601251880879
      },
      "rate_mbps": {
        "count": 2754,
        "mean": 562.551563766816,
        "p10": 124.0484805920129,
        "p50": 441.6308432704643,
        "p90": 1202.7142587170242,
        "min": 0.9830962986170003,
        "max": 1766.469593943221
      },
      "outage": {
        "-5.0": 0.02214960058097313,
        "0.0": 0.07407407407407407,
        "5.0": 0.19571532316630355,
        "10.0": 0.3841684822076979
      },
      "tail": {
        "tail_mean_sinr_db": -6.247085656034891,
        "tail_mean_rate_mbps": 40.56985266357108,
        "tail_mean_margin_db": -6.247085656034891
      }
    },
    "random": {
      "count": 16,
      "sinr_db": {
        "count": 16,
        "mean": 13.181774141494895,
        "p10": 4.321959924111123,
        "p50": 13.77797446250203,
        "p90": 26.12166211864102,
        "min": -11.425384699537538,
        "max": 31.637604928937307
      },
      "margin_db": {
        "count": 16,
        "mean": 13.181774141494895,
        "p10": 4.321959924111123,
        "p50": 13.77797446250203,
        "p90": 26.12166211864102,
        "min": -11.425384699537538,
        "max": 31.637604928937307
      },
      "rate_mbps": {
        "count": 16,
        "mean": 473.99607226254966,
        "p10": 189.35532581535836,
        "p50": 463.6191469963839,
        "p90": 868.1516331737519,
        "min": 10.03336990655614,
        "max": 1051.0774023669574
      },
      "outage": {
        "-5.0": 0.0625,
        "0.0": 0.0625,
        "5.0": 0.125,
        "10.0": 0.3125
      },
      "tail": {
        "tail_mean_sinr_db": -11.425384699537538,
        "tail_mean_rate_mbps": 10.03336990655614,
        "tail_mean_margin_db": -11.425384699537538
      }
    },
    "model_worst_region": {
      "count": 6,
      "sinr_db": {
        "count": 6,
        "mean": -8.910775306332031,
        "p10": -9.471481337469537,
        "p50": -8.932525102632955,
        "p90": -8.3283194788936,
        "min": -9.64555919082079,
        "max": -7.977575302610248
      },
      "margin_db": {
        "count": 6,
        "mean": -8.910775306332031,
        "p10": -9.471481337469537,
        "p50": -8.932525102632955,
        "p90": -8.3283194788936,
        "min": -9.64555919082079,
        "max": -7.977575302610248
      },
      "rate_mbps": {
        "count": 6,
        "mean": 17.549874677753333,
        "p10": 15.448287460502117,
        "p50": 17.368584926843717,
        "p90": 19.83275164591417,
        "min": 14.86134338199238,
        "max": 21.326613598021183
      },
      "outage": {
        "-5.0": 1.0,
        "0.0": 1.0,
        "5.0": 1.0,
        "10.0": 1.0
      },
      "tail": {
        "tail_mean_sinr_db": -9.64555919082079,
        "tail_mean_rate_mbps": 14.86134338199238,
        "tail_mean_margin_db": -9.64555919082079
      }
    }
  }
}