{
  "avg_total_deg": {
    "count": 12,
    "mean": 0.26419528576196344,
    "std": 0.01721017250958414,
    "p10": 0.2485683000349277,
    "p50": 0.2633538625341397,
    "p90": 0.28214753057610265,
    "min": 0.23640101701521513,
    "max": 0.3002675395602187
  },
  "avg_comm_deg": {
    "count": 12,
    "mean": 0.3774218368028049,
    "std": 0.024585960727977342,
    "p10": 0.35509757147846815,
    "p50": 0.3762198036201997,
    "p90": 0.4030679008230038,
    "min": 0.33771573859316445,
    "max": 0.42895362794316955
  },
  "avg_cdi": {
    "count": 12,
    "mean": 0.0,
    "std": 0.0,
    "p10": 0.0,
    "p50": 0.0,
    "p90": 0.0,
    "min": 0.0,
    "max": 0.0
  },
  "avg_interference_dbm": {
    "count": 12,
    "mean": -101.89937623254582,
    "std": 1.7764679083249062,
    "p10": -104.0312281366041,
    "p50": -101.75602082215845,
    "p90": -100.95367407728348,
    "min": -104.4204833964806,
    "max": -97.68034978426903
  },
  "avg_margin_db": {
    "count": 12,
    "mean": 4.532259177764266,
    "std": 0.6712557128269386,
    "p10": 3.889594205991305,
    "p50": 4.654987235661956,
    "p90": 5.049300239982323,
    "min": 3.1345817197543724,
    "max": 5.741702276250014
  },
  "gan_training": {
    "epochs": 12,
    "batch_size": 4,
    "latent_dim": 16
  }
}