x_m,y_m,field_score,combined_metric_risk,global_confidence,metric_confidence,poor_proximity,nearest_measured_dist_m,nearest_poor_dist_m,predicted_sinr_db,predicted_throughput_mbps
275.57411440529506,306.2495086437785,0.6390577225714572,1.1034003138526767,0.6199161449418684,0.6193319058073907,0.6199161449418684,9.563421203677583,9.563421203677583,15.653282400754131,283.77670144210083
268.675288544477,315.4888111756694,0.33063431770568746,0.6300461106285338,0.5554567598639931,0.552694977865858,0.3980562137170061,11.759290259219197,18.423240863524175,18.7442256934224,302.7649538462581
292.0475377061288,342.6604898237067,0.6048858525446649,0.6810588924762249,0.8557038564630421,0.8544747567668826,0.853245657070723,3.1166184954993117,3.1741556215115585,16.906236892683225,311.7544135824152
326.85948625184494,279.30636779564134,0.5273258861846877,0.8288802674883236,0.6566565546540502,0.6437481126392511,0.6566565546540502,8.41188290081526,8.41188290081526,15.990376120592346,305.462444910017
239.16886085218795,305.2391589323615,0.387135049403405,0.7288053253971176,0.5559506859770507,0.5488907645456635,0.5124219704221755,11.74151365902011,13.372136647919852,18.85489554084707,293.26256406550846
293.28274709287393,257.2115441072404,0.9293377843283697,1.0652595228173858,0.8939673441417842,0.8747061546152857,0.8939673441417842,2.241720645627798,2.241720645627798,15.797711767100681,286.07394236666505
