{
  "dataset_id": "aerpaw",
  "family": "AERPAW 5G NSA",
  "methodology": {
    "mode": "measured_map_driven",
    "notes": "Measured-map-driven comparison. The open dataset is treated as a measured field only. No explicit serving base station, hotspot, or fictional interferer reconstruction is used for visualization or optimization.",
    "low_quantile": 0.1,
    "spacing_ref_m": 5.0,
    "shift_xy_m": [
      513.7449077583708,
      236.93890360058958
    ],
    "area_size_m": 615.7622387688107,
    "no_explicit_bs_or_interferer_reconstruction": true
  },
  "search_groups": {
    "random": {
      "best_score": 0.9420458799516365,
      "score_stats": {
        "count": 60,
        "mean": 0.19761602781267787,
        "std": 0.2259457267088782,
        "p10": 0.000545944011177744,
        "p50": 0.15369004116912716,
        "p90": 0.4999804599078574,
        "min": 4.639791263242633e-06,
        "max": 0.9420458799516365
      },
      "num_samples": 60,
      "search_note": "",
      "gan_training": {}
    },
    "ga": {
      "best_score": 1.1960792534098392,
      "score_stats": {
        "count": 12,
        "mean": 1.0107433419554974,
        "std": 0.10785627643846006,
        "p10": 0.8595357487718878,
        "p50": 1.0187139967024907,
        "p90": 1.1616019832959636,
        "min": 0.8241333913039186,
        "max": 1.1960792534098392
      },
      "num_samples": 12,
      "search_note": "geatpy_ga",
      "gan_training": {}
    },
    "gan": {
      "best_score": 1.0226346122428045,
      "score_stats": {
        "count": 12,
        "mean": 0.5016114734559248,
        "std": 0.23297609411051645,
        "p10": 0.30632153958588476,
        "p50": 0.40464174393227914,
        "p90": 0.813551931141571,
        "min": 0.2933591577192183,
        "max": 1.0226346122428045
      },
      "num_samples": 12,
      "search_note": "",
      "gan_training": {
        "epochs": 8,
        "batch_size": 4,
        "latent_dim": 12
      }
    }
  },
  "groups": {
    "measured_poor_cloud": {
      "count": 302,
      "field_score": {
        "count": 302,
        "mean": 1.018866078446571,
        "p10": 0.8450355144677283,
        "p50": 1.0169024795335293,
        "p90": 1.2117641553579785,
        "min": 0.3065161441272813,
        "max": 1.3204437886317175
      },
      "predicted_sinr_db": {
        "count": 302,
        "mean": 18.76051505246328,
        "p10": 15.0,
        "p50": 18.0,
        "p90": 21.0,
        "min": 12.0,
        "max": 31.071636224576483
      },
      "predicted_throughput_mbps": {
        "count": 302,
        "mean": 179.44986552958363,
        "p10": 141.0,
        "p50": 167.5143063310408,
        "p90": 254.80000000000007,
        "min": 7.07,
        "max": 321.0
      },
      "nearest_poor_dist_m": {
        "count": 302,
        "mean": 0.0,
        "p10": 0.0,
        "p50": 0.0,
        "p90": 0.0,
        "min": 0.0,
        "max": 0.0
      },
      "global_confidence": {
        "count": 302,
        "mean": 1.0,
        "p10": 1.0,
        "p50": 1.0,
        "p90": 1.0,
        "min": 1.0,
        "max": 1.0
      },
      "hit_rate_15m": 1.0,
      "hit_rate_25m": 1.0,
      "hit_rate_40m": 1.0
    },
    "measured_selected": {
      "count": 5,
      "field_score": {
        "count": 5,
        "mean": 0.8470283503401932,
        "p10": 0.3465655333683273,
        "p50": 0.8724999999999999,
        "p90": 1.2735902798463496,
        "min": 0.08371781502549329,
        "max": 1.2917777476459595
      },
      "predicted_sinr_db": {
        "count": 5,
        "mean": 21.413151841789222,
        "p10": 12.8,
        "p50": 23.0,
        "p90": 29.43945552536767,
        "min": 12.0,
        "max": 31.06575920894612
      },
      "predicted_throughput_mbps": {
        "count": 5,
        "mean": 197.64145662496867,
        "p10": 62.696913249937325,
        "p50": 169.0,
        "p90": 353.6,
        "min": 7.07,
        "max": 436.0
      },
      "nearest_poor_dist_m": {
        "count": 5,
        "mean": 2.3771675916304384,
        "p10": 0.0,
        "p50": 0.0,
        "p90": 7.0870691650833715,
        "min": 0.0,
        "max": 11.663669909112466
      },
      "global_confidence": {
        "count": 5,
        "mean": 1.0,
        "p10": 1.0,
        "p50": 1.0,
        "p90": 1.0,
        "min": 1.0,
        "max": 1.0
      },
      "hit_rate_15m": 1.0,
      "hit_rate_25m": 1.0,
      "hit_rate_40m": 1.0
    },
    "random": {
      "count": 60,
      "field_score": {
        "count": 60,
        "mean": 0.19761602781267787,
        "p10": 0.000545944011177744,
        "p50": 0.15369004116912716,
        "p90": 0.4999804599078574,
        "min": 4.639791263242633e-06,
        "max": 0.9420458799516365
      },
      "predicted_sinr_db": {
        "count": 60,
        "mean": 23.794252785914953,
        "p10": 18.07006475416724,
        "p50": 24.1116136412907,
        "p90": 27.777035386275603,
        "min": 14.94154397331479,
        "max": 33.66721525431734
      },
      "predicted_throughput_mbps": {
        "count": 60,
        "mean": 243.2674655895588,
        "p10": 153.81376851873793,
        "p50": 242.20149313151256,
        "p90": 370.2996355427889,
        "min": 62.03734507224422,
        "max": 378.66421344194316
      },
      "nearest_poor_dist_m": {
        "count": 60,
        "mean": 76.91550404308303,
        "p10": 14.146632217624909,
        "p50": 71.15030033258653,
        "p90": 147.3088587043057,
        "min": 0.7550947145167799,
        "max": 226.9208978398439
      },
      "global_confidence": {
        "count": 60,
        "mean": 0.32701191202892466,
        "p10": 0.0019494840457718206,
        "p50": 0.25934069680587646,
        "p90": 0.8186106301042757,
        "min": 1.4774810518247798e-05,
        "max": 0.9629490889400287
      },
      "hit_rate_15m": 0.11666666666666667,
      "hit_rate_25m": 0.21666666666666667,
      "hit_rate_40m": 0.3333333333333333
    },
    "ga": {
      "count": 12,
      "field_score": {
        "count": 12,
        "mean": 1.0107433419554974,
        "p10": 0.8595357487718878,
        "p50": 1.0187139967024907,
        "p90": 1.1616019832959636,
        "min": 0.8241333913039186,
        "max": 1.1960792534098392
      },
      "predicted_sinr_db": {
        "count": 12,
        "mean": 17.967500123525912,
        "p10": 15.528604652615842,
        "p50": 17.720937431150748,
        "p90": 20.062271305250007,
        "min": 14.596132861091496,
        "max": 21.02610116248868
      },
      "predicted_throughput_mbps": {
        "count": 12,
        "mean": 178.90814295615883,
        "p10": 150.59362612410763,
        "p50": 173.33549867309176,
        "p90": 218.3078924859548,
        "min": 144.99152333451374,
        "max": 245.1886965478026
      },
      "nearest_poor_dist_m": {
        "count": 12,
        "mean": 0.7958728206689935,
        "p10": 0.3041919556327044,
        "p50": 0.7973698092180805,
        "p90": 1.5132437136136347,
        "min": 0.2671075904021477,
        "max": 1.6437850451642186
      },
      "global_confidence": {
        "count": 12,
        "mean": 0.9612675670075498,
        "p10": 0.9271433056505329,
        "p50": 0.9610338446069069,
        "p90": 0.9849055033831132,
        "min": 0.9210976223950287,
        "max": 0.9867334078583949
      },
      "hit_rate_15m": 1.0,
      "hit_rate_25m": 1.0,
      "hit_rate_40m": 1.0
    },
    "gan": {
      "count": 12,
      "field_score": {
        "count": 12,
        "mean": 0.5016114734559248,
        "p10": 0.30632153958588476,
        "p50": 0.40464174393227914,
        "p90": 0.813551931141571,
        "min": 0.2933591577192183,
        "max": 1.0226346122428045
      },
      "predicted_sinr_db": {
        "count": 12,
        "mean": 19.53803245552373,
        "p10": 16.71295216448544,
        "p50": 19.176802436907426,
        "p90": 22.39878516050871,
        "min": 16.102268870693127,