{
  "ga_summary": {
    "avg_total_deg": {
      "count": 2,
      "mean": 0.4527618404602987,
      "std": 0.008467775933419297,
      "p10": 0.44598761971356327,
      "p50": 0.4527618404602987,
      "p90": 0.45953606120703416,
      "min": 0.4442940645268794,
      "max": 0.461229616393718
    },
    "avg_comm_deg": {
      "count": 2,
      "mean": 0.6468026292289981,
      "std": 0.01209682276202767,
      "p10": 0.637125171019376,
      "p50": 0.6468026292289981,
      "p90": 0.6564800874386203,
      "min": 0.6347058064669705,
      "max": 0.6588994519910258
    },
    "avg_cdi": {
      "count": 2,
      "mean": 1.522578493174588e-06,
      "std": 2.2141256450091406e-07,
      "p10": 1.3454484415738567e-06,
      "p50": 1.522578493174588e-06,
      "p90": 1.6997085447753192e-06,
      "min": 1.3011659286736739e-06,
      "max": 1.743991057675502e-06
    },
    "avg_interference_dbm": {
      "count": 2,
      "mean": -94.59845632226295,
      "std": 0.6360581512104773,
      "p10": -95.10730284323132,
      "p50": -94.59845632226295,
      "p90": -94.08960980129457,
      "min": -95.23451447347342,
      "max": -93.96239817105247
    },
    "avg_margin_db": {
      "count": 2,
      "mean": -1.1102175870072446,
      "std": 0.3249840209002167,
      "p10": -1.370204803727418,
      "p50": -1.1102175870072446,
      "p90": -0.850230370287071,
      "min": -1.4352016079074612,
      "max": -0.7852335661070278
    }
  },
  "gan_summary": {
    "avg_total_deg": {
      "count": 2,
      "mean": 0.42998645038823,
      "std": 2.2246949512833014e-05,
      "p10": 0.4299686528286198,
      "p50": 0.42998645038823,
      "p90": 0.4300042479478403,
      "min": 0.4299642034387172,
      "max": 0.4300086973377429
    },
    "avg_comm_deg": {
      "count": 2,
      "mean": 0.6142663576974716,
      "std": 3.1781356446825004e-05,
      "p10": 0.6142409326123142,
      "p50": 0.6142663576974716,
      "p90": 0.6142917827826291,
      "min": 0.6142345763410247,
      "max": 0.6142981390539184
    },
    "avg_cdi": {
      "count": 2,
      "mean": 1.827413419392262e-06,
      "std": 1.7813467020526247e-07,
      "p10": 1.6849056832280521e-06,
      "p50": 1.827413419392262e-06,
      "p90": 1.969921155556472e-06,
      "min": 1.6492787491869996e-06,
      "max": 2.0055480895975245e-06
    },
    "avg_interference_dbm": {
      "count": 2,
      "mean": -93.78020509901245,
      "std": 0.42469539753187036,
      "p10": -94.11996141703794,
      "p50": -93.78020509901245,
      "p90": -93.44044878098694,
      "min": -94.20490049654431,
      "max": -93.35550970148057
    },
    "avg_margin_db": {
      "count": 2,
      "mean": -0.4534820291487864,
      "std": 0.015057877406711384,
      "p10": -0.4655283310741555,
      "p50": -0.4534820291487864,
      "p90": -0.4414357272234173,
      "min": -0.46853990655549776,
      "max": -0.438424151742075
    }
  },
  "random_summary": {
    "avg_total_deg": {
      "count": 10,
      "mean": 0.4283381696607633,
      "std": 0.020507387347036353,
      "p10": 0.40486631418668867,
      "p50": 0.43014216967640495,
      "p90": 0.45948605963192235,
      "min": 0.39755182656790655,
      "max": 0.460869880078764
    },
    "avg_comm_deg": {
      "count": 10,
      "mean": 0.6119116709439478,
      "std": 0.029296267638623363,
      "p10": 0.5783804488381268,
      "p50": 0.6144888138234357,
      "p90": 0.6564086566170321,
      "min": 0.5679311808112951,
      "max": 0.6583855429696629
    },
    "avg_cdi": {
      "count": 10,
      "mean": 3.3107577072485183e-06,
      "std": 1.8675346981896807e-06,
      "p10": 1.378995305780199e-06,
      "p50": 2.8564739707602132e-06,
      "p90": 6.00255872485411e-06,
      "min": 1.104903301240441e-06,
      "max": 6.075632345481871e-06
    },
    "avg_interference_dbm": {
      "count": 10,
      "mean": -91.95346006644178,
      "std": 2.6627163993952108,
      "p10": -94.99306977011814,
      "p50": -92.01951990883884,
      "p90": -88.5945029746859,
      "min": -95.94459927746709,
      "max": -88.54191687232237
    },
    "avg_margin_db": {
      "count": 10,
      "mean": -0.2916556376217823,
      "std": 0.9888826696029367,
      "p10": -1.5163101777053145,
      "p50": -0.3202116259993488,
      "p90": 0.8793098199675363,
      "min": -1.923469641735166,
      "max": 1.278455630746966
    }
  },
  "comparison": {
    "ga_vs_random": {
      "avg_total_deg": {
        "mean_diff": 0.02442367079953539,
        "mean_ratio": 1.0570195993013616,
        "p90_diff": 5.0001575111813246e-05
      },
      "avg_comm_deg": {
        "mean_diff": 0.03489095828505029,
        "mean_ratio": 1.0570195993013611,
        "p90_diff": 7.143082158822534e-05
      },
      "avg_cdi": {
        "mean_diff": -1.7881792140739304e-06,
        "mean_ratio": 0.4598882273508205,
        "p90_diff": -4.30285018007879e-06
      },
      "avg_interference_dbm": {
        "mean_diff": -2.6449962558211695,
        "mean_ratio": -94598456322.26294,
        "p90_diff": -5.495106826608676
      },
      "avg_margin_db": {
        "mean_diff": -0.8185619493854623,
        "mean_ratio": -1110217587.0072446,
        "p90_diff": -1.7295401902546073
      }
    },
    "gan_vs_random": {
      "avg_total_deg": {
        "mean_diff": 0.0016482807274667,
        "mean_ratio": 1.0038480827631404,
        "p90_diff": -0.029481811684082038
      },
      "avg_comm_deg": {
        "mean_diff": 0.0023546867535237936,
        "mean_ratio": 1.0038480827631404,
        "p90_diff": -0.04211687383440299
      },
      "avg_cdi": {
        "mean_diff": -1.4833442878562564e-06,
        "mean_ratio": 0.5519622941272184,
        "p90_diff": -4.032637569297638e-06
      },
      "avg_interference_dbm": {
        "mean_diff": -1.8267450325706704,
        "mean_ratio": -93780205099.01244,
        "p90_diff": -4.845945806301046
      },
      "avg_margin_db": {
        "mean_diff": -0.16182639152700407,
        "mean_ratio": -453482029.14878637,
        "p90_diff": -1.3207455471909535
      }
    },
    "ga_vs_gan": {
      "avg_total_deg": {
        "mean_diff": 0.02277539007206869,
        "mean_ratio": 1.0529676924738094,
        "p90_diff": 0.02953181325919385
      },
      "avg_comm_deg": {
        "mean_diff": 0.032536271531526495,
        "mean_ratio": 1.0529676924738092,
        "p90_diff": 0.042188304655991216
      },
      "avg_cdi": {
        "mean_diff": -3.04834926217674e-07,
        "mean_ratio": 0.8331877598233616,
        "p90_diff": -2.702126107811528e-07
      },
      "avg_interference_dbm": {
        "mean_diff": -0.818251223250499,
        "mean_ratio": -94598456322.26294,
        "p90_diff": -0.6491610203076306
      },
      "avg_margin_db": {
        "mean_diff": -0.6567355578584582,
        "mean_ratio": -1110217587.0072446,
        "p90_diff": -0.40879464306365376
      }
    }
  }
}