{
  "dataset_id": "dryad",
  "family": "Dryad Ericsson 5G NSA",
  "reference_altitude_m": 29.9488127,
  "station_height_m": 12.0,
  "comm_freq_hz": 3600000000.0,
  "algorithm_group": "gan",
  "search": {
    "best_score": 1.0,
    "score_stats": {
      "count": 4,
      "mean": 1.0,
      "std": 0.0,
      "p10": 1.0,
      "p50": 1.0,
      "p90": 1.0,
      "max": 1.0,
      "min": 1.0
    },
    "num_samples": 4,
    "gan_training": {
      "epochs": 3,
      "batch_size": 4,
      "latent_dim": 8
    }
  },
  "environment_alignment": {
    "notes": "Dryad日志无BS方位字段，使用高SINR/高吞吐样本的质心作为服务中心代理；站高沿用AERPAW反推的12 m口径。",
    "area_size_m": 614.0168200960219,
    "station_xy_local_m": [
      71.39307131457228,
      22.466398102198983
    ],
    "station_xy_aligned_m": [
      392.5001347700527,
      321.7178539478443
    ],
    "shift_xy_m": [
      321.1070634554804,
      299.2514558456453
    ],
    "hotspots": [
      {
        "x_m": 403.70778252312095,
        "y_m": 236.0549273563042,
        "height_m": 16.0,
        "power_dbm": 30.0,
        "type_id": 3.0
      },
      {
        "x_m": 158.27868210603089,
        "y_m": 232.79691600560972,
        "height_m": 16.0,
        "power_dbm": 34.0,
        "type_id": 3.0
      }
    ]
  },
  "groups": {
    "measured_selected": {
      "count": 6,
      "sinr_db": {
        "count": 6,
        "mean": 7.180147068725919,
        "p10": -5.923667264787159,
        "p50": 8.504584708415027,
        "p90": 18.95952376254989,
        "min": -12.958533855707671,
        "max": 21.00986550424677
      },
      "margin_db": {
        "count": 6,
        "mean": 7.180147068725919,
        "p10": -5.923667264787159,
        "p50": 8.504584708415027,
        "p90": 18.95952376254989,
        "min": -12.958533855707671,
        "max": 21.00986550424677
      },
      "rate_mbps": {
        "count": 6,
        "mean": 337.2018958972621,
        "p10": 63.37764677167242,
        "p50": 316.3819409059763,
        "p90": 631.8461000141374,
        "min": 7.1212865246159245,
        "max": 699.0714910642525
      },
      "outage": {
        "-5.0": 0.16666666666666666,
        "0.0": 0.16666666666666666,
        "5.0": 0.5,
        "10.0": 0.5
      },
      "tail": {
        "tail_mean_sinr_db": -12.958533855707671,
        "tail_mean_rate_mbps": 7.1212865246159245,
        "tail_mean_margin_db": -12.958533855707671
      }
    },
    "measured_trajectory": {
      "count": 7451,
      "sinr_db": {
        "count": 7451,
        "mean": 12.07082945925333,
        "p10": 3.756519039395414,
        "p50": 12.44301434691566,
        "p90": 19.65446485326558,
        "min": -17.145345594121594,
        "max": 37.1761233101313
      },
      "margin_db": {
        "count": 7451,
        "mean": 12.07082945925333,
        "p10": 3.756519039395414,
        "p50": 12.44301434691566,
        "p90": 19.65446485326558,
        "min": -17.145345594121594,
        "max": 37.1761233101313
      },
      "rate_mbps": {
        "count": 7451,
        "mean": 422.7147851878256,
        "p10": 175.48601283050758,
        "p50": 421.3423696718486,
        "p90": 654.4609618742578,
        "min": 2.757294961852514,
        "max": 1234.9917237198044
      },
      "outage": {
        "-5.0": 0.013555227486243457,
        "0.0": 0.043618306267615085,
        "5.0": 0.12508388135820694,
        "10.0": 0.34934908066031406
      },
      "tail": {
        "tail_mean_sinr_db": -3.380340536207473,
        "tail_mean_rate_mbps": 64.36385371133963,
        "tail_mean_margin_db": -3.380340536207473
      }
    },
    "random": {
      "count": 10,
      "sinr_db": {
        "count": 10,
        "mean": 12.704185406900645,
        "p10": 8.002825633090428,
        "p50": 14.187245463175756,
        "p90": 17.508721742925715,
        "min": 1.4968814231574328,
        "max": 20.627395610027122
      },
      "margin_db": {
        "count": 10,
        "mean": 12.704185406900645,
        "p10": 8.002825633090428,
        "p50": 14.187245463175756,
        "p90": 17.508721742925715,
        "min": 1.4968814231574328,
        "max": 20.627395610027122
      },
      "rate_mbps": {
        "count": 10,
        "mean": 436.8339530424388,
        "p10": 289.91435075982577,
        "p50": 476.6890360928085,
        "p90": 584.2235157916948,
        "min": 126.99449261101574,
        "max": 686.470511096896
      },
      "outage": {
        "-5.0": 0.0,
        "0.0": 0.0,
        "5.0": 0.1,
        "10.0": 0.4
      },
      "tail": {
        "tail_mean_sinr_db": 1.4968814231574328,
        "tail_mean_rate_mbps": 126.99449261101574,
        "tail_mean_margin_db": 1.4968814231574328
      }
    },
    "model_worst_region": {
      "count": 4,
      "sinr_db": {
        "count": 4,
        "mean": -2.568390653201554,
        "p10": -4.762779142479411,
        "p50": -1.5986178505973494,
        "p90": -1.1498204060070607,
        "min": -5.942127097187608,
        "max": -1.1341998144239087
      },
      "margin_db": {
        "count": 4,
        "mean": -2.568390653201554,
        "p10": -4.7627791424794115,
        "p50": -1.5986178505973498,
        "p90": -1.1498204060070605,
        "min": -5.942127097187608,
        "max": -1.1341998144239085
      },
      "rate_mbps": {
        "count": 4,
        "mean": 66.79367615742363,
        "p10": 44.0318885711016,
        "p50": 76.03445517633384,
        "p90": 82.16284052861752,
        "min": 32.71795341888186,
        "max": 82.38784085814501
      },
      "outage": {
        "-5.0": 0.25,
        "0.0": 1.0,
        "5.0": 1.0,
        "10.0": 1.0
      },
      "tail": {
        "tail_mean_sinr_db": -5.942127097187608,
        "tail_mean_rate_mbps": 32.71795341888186,
        "tail_mean_margin_db": -5.942127097187608
      }
    }
  }
}