x_m,y_m,z_m,margin_db,sinr_db,rate_bps,outage,i_dbm,p_rx_dbm,ee_bpj
111.63942183564035,279.0985545891009,29.9488127,-5.942127097187608,-5.942127097187608,32717953.418881863,1.0,-45.98822372904807,-51.93000680164812,173622.8931227117
55.819710917820174,279.0985545891009,29.9488127,-2.0109672481602843,-2.010967248160284,70431070.59294763,1.0,-52.49195633367421,-54.50138577052029,373753.39727149165
167.45913275346052,279.0985545891009,29.9488127,-1.1862684530344154,-1.1862684530344152,81637839.75972004,1.0,-48.116388241539255,-49.30209513600654,433223.8555969966
111.63942183564035,223.2788436712807,29.9488127,-1.1341998144239085,-1.1341998144239087,82387840.85814501,1.0,-51.434394658390126,-52.56738898312166,437203.8527223243
