{
  "dataset_id": "aerpaw",
  "family": "AERPAW 5G NSA",
  "methodology": {
    "mode": "measured_map_driven",
    "notes": "Measured-map-driven comparison. The open dataset is treated as a measured field only. No explicit serving base station, hotspot, or fictional interferer reconstruction is used for visualization or optimization.",
    "low_quantile": 0.1,
    "spacing_ref_m": 5.0,
    "shift_xy_m": [
      513.7449077583708,
      236.93890360058958
    ],
    "area_size_m": 615.7622387688107,
    "no_explicit_bs_or_interferer_reconstruction": true
  },
  "search_groups": {
    "random": {
      "best_score": 0.47702192038880464,
      "score_stats": {
        "count": 12,
        "mean": 0.16309722475172353,
        "std": 0.16636098491143425,
        "p10": 0.0018145272422030354,
        "p50": 0.12321954675750482,
        "p90": 0.4430009313490481,
        "min": 0.0005497501700686731,
        "max": 0.47702192038880464
      },
      "num_samples": 12,
      "search_note": "",
      "gan_training": {}
    },
    "ga": {
      "best_score": 0.87888103614552,
      "score_stats": {
        "count": 4,
        "mean": 0.719784112426788,
        "std": 0.10135504366698142,
        "p10": 0.624757420957229,
        "p50": 0.6955424522518862,
        "p90": 0.8342041320362686,
        "min": 0.6091705090578599,
        "max": 0.87888103614552
      },
      "num_samples": 4,
      "search_note": "geatpy_ga",
      "gan_training": {}
    },
    "gan": {
      "best_score": 0.37356926337898827,
      "score_stats": {
        "count": 6,
        "mean": 0.2706380677202909,
        "std": 0.06223920111714288,
        "p10": 0.20391538378305768,
        "p50": 0.2720054732156021,
        "p90": 0.335993346162213,
        "min": 0.16581298718217527,
        "max": 0.37356926337898827
      },
      "num_samples": 6,
      "search_note": "",
      "gan_training": {
        "epochs": 2,
        "batch_size": 2,
        "latent_dim": 8
      }
    }
  },
  "groups": {
    "measured_poor_cloud": {
      "count": 302,
      "field_score": {
        "count": 302,
        "mean": 1.018866078446571,
        "p10": 0.8450355144677283,
        "p50": 1.0169024795335293,
        "p90": 1.2117641553579785,
        "min": 0.3065161441272813,
        "max": 1.3204437886317175
      },
      "predicted_sinr_db": {
        "count": 302,
        "mean": 18.76051505246328,
        "p10": 15.0,
        "p50": 18.0,
        "p90": 21.0,
        "min": 12.0,
        "max": 31.071636224576483
      },
      "predicted_throughput_mbps": {
        "count": 302,
        "mean": 179.44986552958363,
        "p10": 141.0,
        "p50": 167.5143063310408,
        "p90": 254.80000000000007,
        "min": 7.07,
        "max": 321.0
      },
      "nearest_poor_dist_m": {
        "count": 302,
        "mean": 0.0,
        "p10": 0.0,
        "p50": 0.0,
        "p90": 0.0,
        "min": 0.0,
        "max": 0.0
      },
      "global_confidence": {
        "count": 302,
        "mean": 1.0,
        "p10": 1.0,
        "p50": 1.0,
        "p90": 1.0,
        "min": 1.0,
        "max": 1.0
      },
      "hit_rate_15m": 1.0,
      "hit_rate_25m": 1.0,
      "hit_rate_40m": 1.0
    },
    "measured_selected": {
      "count": 5,
      "field_score": {
        "count": 5,
        "mean": 0.8470283503401932,
        "p10": 0.3465655333683273,
        "p50": 0.8724999999999999,
        "p90": 1.2735902798463496,
        "min": 0.08371781502549329,
        "max": 1.2917777476459595
      },
      "predicted_sinr_db": {
        "count": 5,
        "mean": 21.413151841789222,
        "p10": 12.8,
        "p50": 23.0,
        "p90": 29.43945552536767,
        "min": 12.0,
        "max": 31.06575920894612
      },
      "predicted_throughput_mbps": {
        "count": 5,
        "mean": 197.64145662496867,
        "p10": 62.696913249937325,
        "p50": 169.0,
        "p90": 353.6,
        "min": 7.07,
        "max": 436.0
      },
      "nearest_poor_dist_m": {
        "count": 5,
        "mean": 2.3771675916304384,
        "p10": 0.0,
        "p50": 0.0,
        "p90": 7.0870691650833715,
        "min": 0.0,
        "max": 11.663669909112466
      },
      "global_confidence": {
        "count": 5,
        "mean": 1.0,
        "p10": 1.0,
        "p50": 1.0,
        "p90": 1.0,
        "min": 1.0,
        "max": 1.0
      },
      "hit_rate_15m": 1.0,
      "hit_rate_25m": 1.0,
      "hit_rate_40m": 1.0
    },
    "random": {
      "count": 12,
      "field_score": {
        "count": 12,
        "mean": 0.16309722475172353,
        "p10": 0.0018145272422030354,
        "p50": 0.12321954675750482,
        "p90": 0.4430009313490481,
        "min": 0.0005497501700686731,
        "max": 0.47702192038880464
      },
      "predicted_sinr_db": {
        "count": 12,
        "mean": 23.141304355653347,
        "p10": 18.3109009223049,
        "p50": 22.920291135469288,
        "p90": 26.532811581902568,
        "min": 17.0456574231788,
        "max": 33.66721525431734
      },
      "predicted_throughput_mbps": {
        "count": 12,
        "mean": 239.0600188359734,
        "p10": 174.64294422636542,
        "p50": 225.54209699782086,
        "p90": 310.3942449899744,
        "min": 150.73617883458095,
        "max": 378.65981648255524
      },
      "nearest_poor_dist_m": {
        "count": 12,
        "mean": 71.91432069259801,
        "p10": 16.52244454614801,
        "p50": 78.60454096945324,
        "p90": 124.82681878293165,
        "min": 14.176078966143013,
        "max": 148.53045613576708
      },
      "global_confidence": {
        "count": 12,
        "mean": 0.2774595608779804,
        "p10": 0.006310320718086932,
        "p50": 0.2230877293290841,
        "p90": 0.7721707903054401,
        "min": 0.0017489325878837151,
        "max": 0.8143565435196122
      },
      "hit_rate_15m": 0.08333333333333333,
      "hit_rate_25m": 0.25,
      "hit_rate_40m": 0.3333333333333333
    },
    "ga": {
      "count": 4,
      "field_score": {
        "count": 4,
        "mean": 0.719784112426788,
        "p10": 0.624757420957229,
        "p50": 0.6955424522518862,
        "p90": 0.8342041320362686,
        "min": 0.6091705090578599,
        "max": 0.87888103614552
      },
      "predicted_sinr_db": {
        "count": 4,
        "mean": 19.677391507361094,
        "p10": 17.962974107261577,
        "p50": 19.788352726461216,
        "p90": 21.303039932180507,
        "min": 17.474009966599112,
        "max": 21.658850609922823
      },
      "predicted_throughput_mbps": {
        "count": 4,
        "mean": 241.82378529128425,
        "p10": 203.44342685713363,
        "p50": 258.3321335141858,
        "p90": 266.99746514711364,
        "min": 180.68202151869022,
        "max": 269.9488526180752
      },
      "nearest_poor_dist_m": {
        "count": 4,
        "mean": 5.952183256659657,
        "p10": 2.811878829851053,
        "p50": 3.4741027074746933,
        "p90": 11.074952122816233,
        "min": 2.5711708131656916,
        "max": 14.289356798523547
      },
      "global_confidence": {
        "count": 4,
        "mean": 0.8774013598724508,
        "p10": 0.8492386175888652,
        "p50": 0.8821030127963723,
        "p90": 0.901802779816899,
        "min": 0.8363285612084859,
        "max": 0.9090708526885727
      },
      "hit_rate_15m": 1.0,
      "hit_rate_25m": 1.0,
      "hit_rate_40m": 1.0
    },
    "gan": {
      "count": 6,
      "field_score": {
        "count": 6,
        "mean": 0.2706380677202909,
        "p10": 0.20391538378305768,
        "p50": 0.2720054732156021,
        "p90": 0.335993346162213,
        "min": 0.16581298718217527,
        "max": 0.37356926337898827
      },
      "predicted_sinr_db": {
        "count": 6,
        "mean": 27.043139344550458,
        "p10": 26.19454524403119,
        "p50": 27.259193863536577,
        "p90": 27.67567892608361,
        "min": 25.436781966125835,
        "max": 27.88617875654432
      },