{
  "ga_summary": {
    "avg_total_deg": {
      "count": 3,
      "mean": 0.39810381369156156,
      "std": 0.01362868641376782,
      "p10": 0.384586892132402,
      "p50": 0.39899282895634175,
      "p90": 0.411265129144809,
      "min": 0.38098540792641705,
      "max": 0.4143332041919258
    },
    "avg_comm_deg": {
      "count": 3,
      "mean": 0.5687197338450879,
      "std": 0.019469552019668254,
      "p10": 0.5494098459034314,
      "p50": 0.5699897556519168,
      "p90": 0.5875216130640127,
      "min": 0.5442648684663101,
      "max": 0.5919045774170367
    },
    "avg_cdi": {
      "count": 3,
      "mean": 0.0,
      "std": 0.0,
      "p10": 0.0,
      "p50": 0.0,
      "p90": 0.0,
      "min": 0.0,
      "max": 0.0
    },
    "avg_interference_dbm": {
      "count": 3,
      "mean": -113.27005938433024,
      "std": 0.6217922631440028,
      "p10": -113.89430598399274,
      "p50": -112.88155984977413,
      "p90": -112.80121259849018,
      "min": -114.14749251754739,
      "max": -112.78112578566919
    },
    "avg_margin_db": {
      "count": 3,
      "mean": 0.31330026740890643,
      "std": 1.3074008673285797,
      "p10": -0.9890805223332608,
      "p50": 0.43391744132416105,
      "p90": 1.5674341875849718,
      "min": -1.3448300132476163,
      "max": 1.8508133741501744
    }
  },
  "gan_summary": {
    "avg_total_deg": {
      "count": 10,
      "mean": 0.21610485139921365,
      "std": 0.006230904763019586,
      "p10": 0.20684292048696432,
      "p50": 0.2170554389204783,
      "p90": 0.22249444654527756,
      "min": 0.20482541198199647,
      "max": 0.2256028005108419
    },
    "avg_comm_deg": {
      "count": 10,
      "mean": 0.308721216284591,
      "std": 0.0089012925185994,
      "p10": 0.29548988640994905,
      "p50": 0.31007919845782617,
      "p90": 0.3178492093503965,
      "min": 0.2926077314028522,
      "max": 0.3222897150154885
    },
    "avg_cdi": {
      "count": 10,
      "mean": 0.0,
      "std": 0.0,
      "p10": 0.0,
      "p50": 0.0,
      "p90": 0.0,
      "min": 0.0,
      "max": 0.0
    },
    "avg_interference_dbm": {
      "count": 10,
      "mean": -110.64758401284021,
      "std": 2.2963860419735633,
      "p10": -112.86527582407629,
      "p50": -111.0584853103671,
      "p90": -108.84884443351562,
      "min": -114.86227023670227,
      "max": -105.66050947436862
    },
    "avg_margin_db": {
      "count": 10,
      "mean": 5.844892264540248,
      "std": 0.28549785380612297,
      "p10": 5.586734102407788,
      "p50": 5.730855823004761,
      "p90": 6.336386319043693,
      "min": 5.570946958698179,
      "max": 6.413112251457712
    }
  },
  "random_summary": {
    "avg_total_deg": {
      "count": 24,
      "mean": 0.31807345373155244,
      "std": 0.041818916687943034,
      "p10": 0.2638764352714493,
      "p50": 0.3161037123651833,
      "p90": 0.3670413063143745,
      "min": 0.2557589009342343,
      "max": 0.40266989340249454
    },
    "avg_comm_deg": {
      "count": 24,
      "mean": 0.4543906481879321,
      "std": 0.05974130955420435,
      "p10": 0.3769663361020705,
      "p50": 0.4515767319502618,
      "p90": 0.5243447233062494,
      "min": 0.36536985847747766,
      "max": 0.5752427048607066
    },
    "avg_cdi": {
      "count": 24,
      "mean": 0.0,
      "std": 0.0,
      "p10": 0.0,
      "p50": 0.0,
      "p90": 0.0,
      "min": 0.0,
      "max": 0.0
    },
    "avg_interference_dbm": {
      "count": 24,
      "mean": -109.65866956114661,
      "std": 7.406346292882397,
      "p10": -115.8777297818773,
      "p50": -111.41377947814598,
      "p90": -103.06638728313676,
      "min": -120.49582019682023,
      "max": -83.82075267209635
    },
    "avg_margin_db": {
      "count": 24,
      "mean": 3.896408773707938,
      "std": 1.7640351359671478,
      "p10": 1.5963937189743889,
      "p50": 3.8700067660784425,
      "p90": 6.345526692908815,
      "min": 1.4022880771429946,
      "max": 7.230444997449303
    }
  },
  "comparison": {
    "ga_vs_random": {
      "avg_total_deg": {
        "mean_diff": 0.08003035996000912,
        "mean_ratio": 1.2516096801575687,
        "p90_diff": 0.04422382283043452
      },
      "avg_comm_deg": {
        "mean_diff": 0.11432908565715577,
        "mean_ratio": 1.2516096801575685,
        "p90_diff": 0.06317688975776337
      },
      "avg_cdi": {
        "mean_diff": 0.0,
        "mean_ratio": 0.0,
        "p90_diff": 0.0
      },
      "avg_interference_dbm": {
        "mean_diff": -3.6113898231836288,
        "mean_ratio": -113270059384.33023,
        "p90_diff": -9.734825315353419
      },
      "avg_margin_db": {
        "mean_diff": -3.5831085062990313,
        "mean_ratio": 0.08040744326493256,
        "p90_diff": -4.778092505323843
      }
    },
    "gan_vs_random": {
      "avg_total_deg": {
        "mean_diff": -0.10196860233233879,
        "mean_ratio": 0.6794180679460342,
        "p90_diff": -0.14454685976909692
      },
      "avg_comm_deg": {
        "mean_diff": -0.14566943190334114,
        "mean_ratio": 0.6794180679460342,
        "p90_diff": -0.20649551395585286
      },
      "avg_cdi": {
        "mean_diff": 0.0,
        "mean_ratio": 0.0,
        "p90_diff": 0.0
      },
      "avg_interference_dbm": {
        "mean_diff": -0.9889144516936028,
        "mean_ratio": -110647584012.84021,
        "p90_diff": -5.78245715037886
      },
      "avg_margin_db": {
        "mean_diff": 1.9484834908323103,
        "mean_ratio": 1.5000716310825046,
        "p90_diff": -0.009140373865122342
      }
    },
    "ga_vs_gan": {
      "avg_total_deg": {
        "mean_diff": 0.1819989622923479,
        "mean_ratio": 1.842178975224108,
        "p90_diff": 0.18877068259953145
      },
      "avg_comm_deg": {
        "mean_diff": 0.2599985175604969,
        "mean_ratio": 1.8421789752241076,
        "p90_diff": 0.2696724037136162
      },
      "avg_cdi": {
        "mean_diff": 0.0,
        "mean_ratio": 0.0,
        "p90_diff": 0.0
      },
      "avg_interference_dbm": {
        "mean_diff": -2.622475371490026,
        "mean_ratio": -113270059384.33023,
        "p90_diff": -3.9523681649745583
      },
      "avg_margin_db": {
        "mean_diff": -5.531591997131342,
        "mean_ratio": 0.053602402444547066,
        "p90_diff": -4.768952131458721
      }
    }
  }
}