{
  "out_dir": "output\\bench_paper_mainline_s2027\\compare\\kpi",
  "bler_a_csv": "output\\bench_paper_mainline_s2027\\compare\\kpi\\BLER_A.csv",
  "bler_b_csv": "",
  "groups": {
    "ga": {
      "kpis": {
        "count_links": 72,
        "outage": {
          "-5.0": 0.20833333333333334,
          "0.0": 0.6527777777777778,
          "5.0": 0.8472222222222222,
          "10.0": 0.8888888888888888
        },
        "sinr_db": {
          "count": 72,
          "mean": 0.3133002674089064,
          "p10": -5.74781580512703,
          "p50": -1.9363507647545786,
          "p90": 16.03934283063312,
          "min": -8.011597479724458,
          "max": 22.61804626283525
        },
        "rate_bps": {
          "count": 72,
          "mean": 28626983.908634722,
          "p10": 6810322.507943601,
          "p50": 14280964.450829867,
          "p90": 107564297.66239601,
          "min": 4234365.7639297955,
          "max": 150428522.61674553
        },
        "ee_bpj": {
          "count": 72,
          "mean": 201263.33409610225,
          "p10": 44757.58134034381,
          "p50": 101484.50051988685,
          "p90": 687876.4168785532,
          "min": 27033.239693608357,
          "max": 1188297.0867153963
        },
        "tail": {
          "tail_pct": 5.0,
          "tail_mean_sinr_db": -7.663718792795147,
          "tail_mean_rate_bps": 4578200.031873427,
          "tail_mean_ee_bpj": 32363.645111616886
        }
      },
      "throughput_A": {
        "count_links": 72,
        "throughput_bps": {
          "count": 72,
          "mean": 14323043.532134231,
          "p10": 0.0,
          "p50": 0.0,
          "p90": 102210002.0047936,
          "min": 0.0,
          "max": 150428522.61674553
        },
        "tail": {
          "tail_pct": 5.0,
          "tail_mean_throughput_bps": 0.0
        }
      }
    },
    "gan": {
      "kpis": {
        "count_links": 240,
        "outage": {
          "-5.0": 0.0,
          "0.0": 0.175,
          "5.0": 0.7291666666666666,
          "10.0": 0.7416666666666667
        },
        "sinr_db": {
          "count": 240,
          "mean": 5.844892264540247,
          "p10": -0.6389110663025408,
          "p50": 1.6291288925395122,
          "p90": 19.642587885206567,
          "min": -2.032660074081121,
          "max": 21.95969763364333
        },
        "rate_bps": {
          "count": 240,
          "mean": 51531011.02444207,
          "p10": 17955575.672245342,
          "p50": 25916445.629029293,
          "p90": 130814129.9901029,
          "min": 14030629.44748454,
          "max": 146080243.5554744
        },
        "ee_bpj": {
          "count": 240,
          "mean": 404284.6448689589,
          "p10": 141798.92994142108,
          "p50": 203654.2205529068,
          "p90": 1023008.3615399098,
          "min": 111203.23602486176,
          "max": 1156065.407019933
        },
        "tail": {
          "tail_pct": 5.0,
          "tail_mean_sinr_db": -1.3433232625609672,
          "tail_mean_rate_bps": 15897574.253828043,
          "tail_mean_ee_bpj": 124425.87891798235
        }
      },
      "throughput_A": {
        "count_links": 240,
        "throughput_bps": {
          "count": 240,
          "mean": 33534397.502149735,
          "p10": 0.0,
          "p50": 0.0,
          "p90": 130814129.9901029,
          "min": 0.0,
          "max": 146080243.5554744
        },
        "tail": {
          "tail_pct": 5.0,
          "tail_mean_throughput_bps": 0.0
        }
      }
    },
    "random": {
      "kpis": {
        "count_links": 576,
        "outage": {
          "-5.0": 0.14583333333333334,
          "0.0": 0.5173611111111112,
          "5.0": 0.6788194444444444,
          "10.0": 0.7222222222222222
        },
        "sinr_db": {
          "count": 576,
          "mean": 3.8964087737079387,
          "p10": -5.64836292641796,
          "p50": -0.3849338607638588,
          "p90": 20.766487266568816,
          "min": -21.298075874506182,
          "max": 34.54034434085857
        },
        "rate_bps": {
          "count": 576,
          "mean": 47530492.12840503,
          "p10": 6950577.22245172,
          "p50": 18749655.802086696,
          "p90": 138210402.46466044,
          "min": 213202.08797631884,
          "max": 229491221.8494003
        },
        "ee_bpj": {
          "count": 576,
          "mean": 336800.0043026216,
          "p10": 49035.04661384931,
          "p50": 136090.83898438013,
          "p90": 961109.6257172296,
          "min": 1685.9886208160322,
          "max": 1543149.551315875
        },
        "tail": {
          "tail_pct": 5.0,
          "tail_mean_sinr_db": -8.449647419713418,
          "tail_mean_rate_bps": 4460549.669377987,
          "tail_mean_ee_bpj": 30853.861019180396
        }
      },
      "throughput_A": {
        "count_links": 576,
        "throughput_bps": {
          "count": 576,
          "mean": 35178066.57689733,
          "p10": 0.0,
          "p50": 0.0,
          "p90": 138210402.46466044,
          "min": 0.0,
          "max": 229491221.8494003
        },
        "tail": {
          "tail_pct": 5.0,
          "tail_mean_throughput_bps": 0.0
        }
      }
    }
  }
}