{
  "avg_total_deg": {
    "count": 10,
    "mean": 0.21321348430738457,
    "std": 0.005958086082896755,
    "p10": 0.20320338833814167,
    "p50": 0.21462461037637742,
    "p90": 0.21833778407229876,
    "min": 0.2016581362626262,
    "max": 0.22103248447977175
  },
  "avg_comm_deg": {
    "count": 10,
    "mean": 0.3045906918676922,
    "std": 0.008511551546995375,
    "p10": 0.29029055476877375,
    "p50": 0.3066065862519678,
    "p90": 0.3119111201032839,
    "min": 0.2880830518037517,
    "max": 0.3157606921139597
  },
  "avg_cdi": {
    "count": 10,
    "mean": 0.0,
    "std": 0.0,
    "p10": 0.0,
    "p50": 0.0,
    "p90": 0.0,
    "min": 0.0,
    "max": 0.0
  },
  "avg_interference_dbm": {
    "count": 10,
    "mean": -114.25272729422129,
    "std": 3.238702275069765,
    "p10": -117.95182063860605,
    "p50": -114.97251487098526,
    "p90": -109.94497015118323,
    "min": -118.89823917090416,
    "max": -109.41124551013665
  },
  "avg_margin_db": {
    "count": 10,
    "mean": 5.922192979036563,
    "std": 0.24927832923952323,
    "p10": 5.761650952972621,
    "p50": 5.8254343963577195,
    "p90": 6.390003611025524,
    "min": 5.703948053240864,
    "max": 6.441823911994569
  },
  "gan_training": {
    "epochs": 6,
    "batch_size": 8,
    "latent_dim": 16
  }
}