{
  "ga_summary": {
    "avg_total_deg": {
      "count": 4,
      "mean": 0.42249052095146655,
      "std": 0.02630751774122507,
      "p10": 0.39605226550075184,
      "p50": 0.41870926614841386,
      "p90": 0.45195378024462346,
      "min": 0.3936933915814445,
      "max": 0.45885015992759404
    },
    "avg_comm_deg": {
      "count": 4,
      "mean": 0.6035578870735238,
      "std": 0.0375821682017501,
      "p10": 0.5657889507153598,
      "p50": 0.5981560944977342,
      "p90": 0.6456482574923194,
      "min": 0.5624191308306351,
      "max": 0.6555002284679916
    },
    "avg_cdi": {
      "count": 4,
      "mean": 0.0,
      "std": 0.0,
      "p10": 0.0,
      "p50": 0.0,
      "p90": 0.0,
      "min": 0.0,
      "max": 0.0
    },
    "avg_interference_dbm": {
      "count": 4,
      "mean": -105.43064508912617,
      "std": 3.5680345186387745,
      "p10": -108.98494076691978,
      "p50": -105.72580759846454,
      "p90": -101.64021940386188,
      "min": -109.00565114732547,
      "max": -101.26531401225014
    },
    "avg_margin_db": {
      "count": 4,
      "mean": -0.6078954051409937,
      "std": 1.2740834489591304,
      "p10": -1.8922725099447884,
      "p50": -0.71859483043838,
      "p90": 0.76504123990071,
      "min": -1.9343670894115614,
      "max": 0.9399751297243467
    }
  },
  "gan_summary": {
    "avg_total_deg": {
      "count": 6,
      "mean": 0.23088516686083813,
      "std": 0.005658349686388224,
      "p10": 0.22507478395764263,
      "p50": 0.2312029977844604,
      "p90": 0.23637771884041126,
      "min": 0.2203793265153129,
      "max": 0.23932153270235826
    },
    "avg_comm_deg": {
      "count": 6,
      "mean": 0.32983595265834015,
      "std": 0.008083356694840347,
      "p10": 0.32153540565377514,
      "p50": 0.3302899968349435,
      "p90": 0.3376824554863018,
      "min": 0.3148276093075898,
      "max": 0.3418879038605118
    },
    "avg_cdi": {
      "count": 6,
      "mean": 0.0,
      "std": 0.0,
      "p10": 0.0,
      "p50": 0.0,
      "p90": 0.0,
      "min": 0.0,
      "max": 0.0
    },
    "avg_interference_dbm": {
      "count": 6,
      "mean": -100.46838151477266,
      "std": 0.9830396012351692,
      "p10": -101.63073104215816,
      "p50": -100.37307701405305,
      "p90": -99.40133648810675,
      "min": -101.97083823121096,
      "max": -99.05420207528687
    },
    "avg_margin_db": {
      "count": 6,
      "mean": 5.608031207088595,
      "std": 0.2765995215441891,
      "p10": 5.278363175563854,
      "p50": 5.711962160623969,
      "p90": 5.833768285077962,
      "min": 5.053089286430359,
      "max": 5.864125206575289
    }
  },
  "random_summary": {
    "avg_total_deg": {
      "count": 20,
      "mean": 0.35234735775369447,
      "std": 0.05871004212374916,
      "p10": 0.2857154438845648,
      "p50": 0.3604190613340972,
      "p90": 0.42345015488888244,
      "min": 0.228075904573973,
      "max": 0.44499513722232464
    },
    "avg_comm_deg": {
      "count": 20,
      "mean": 0.5033533682195636,
      "std": 0.08387148874821311,
      "p10": 0.40816491983509257,
      "p50": 0.5148843733344246,
      "p90": 0.6049287926984034,
      "min": 0.32582272081996144,
      "max": 0.6357073388890352
    },
    "avg_cdi": {
      "count": 20,
      "mean": 0.0,
      "std": 0.0,
      "p10": 0.0,
      "p50": 0.0,
      "p90": 0.0,
      "min": 0.0,
      "max": 0.0
    },
    "avg_interference_dbm": {
      "count": 20,
      "mean": -104.04573900158941,
      "std": 6.316639521576996,
      "p10": -108.76660020275098,
      "p50": -105.16413504418617,
      "p90": -100.96971779164427,
      "min": -112.17790650631176,
      "max": -82.06675862524338
    },
    "avg_margin_db": {
      "count": 20,
      "mean": 2.5340590901811026,
      "std": 2.8059553885851645,
      "p10": -0.2838400170672212,
      "p50": 2.4183169074694195,
      "p90": 5.83522465967572,
      "min": -3.0216906339370895,
      "max": 8.779185319302853
    }
  },
  "comparison": {
    "ga_vs_random": {
      "avg_total_deg": {
        "mean_diff": 0.07014316319777208,
        "mean_ratio": 1.1990739015185268,
        "p90_diff": 0.028503625355741025
      },
      "avg_comm_deg": {
        "mean_diff": 0.1002045188539602,
        "mean_ratio": 1.199073901518527,
        "p90_diff": 0.04071946479391597
      },
      "avg_cdi": {
        "mean_diff": 0.0,
        "mean_ratio": 0.0,
        "p90_diff": 0.0
      },
      "avg_interference_dbm": {
        "mean_diff": -1.3849060875367627,
        "mean_ratio": -105430645089.12616,
        "p90_diff": -0.6705016122176062
      },
      "avg_margin_db": {
        "mean_diff": -3.1419544953220964,
        "mean_ratio": -0.23988998816027965,
        "p90_diff": -5.0701834197750095
      }
    },
    "gan_vs_random": {
      "avg_total_deg": {
        "mean_diff": -0.12146219089285634,
        "mean_ratio": 0.6552771342824614,
        "p90_diff": -0.18707243604847118
      },
      "avg_comm_deg": {
        "mean_diff": -0.1735174155612234,
        "mean_ratio": 0.6552771342824614,
        "p90_diff": -0.26724633721210156
      },
      "avg_cdi": {
        "mean_diff": 0.0,
        "mean_ratio": 0.0,
        "p90_diff": 0.0
      },
      "avg_interference_dbm": {
        "mean_diff": 3.5773574868167515,
        "mean_ratio": -100468381514.77266,
        "p90_diff": 1.568381303537521
      },
      "avg_margin_db": {
        "mean_diff": 3.073972116907492,
        "mean_ratio": 2.213062524397489,
        "p90_diff": -0.0014563745977573817
      }
    },
    "ga_vs_gan": {
      "avg_total_deg": {
        "mean_diff": 0.19160535409062843,
        "mean_ratio": 1.8298729480794889,
        "p90_diff": 0.2155760614042122
      },
      "avg_comm_deg": {
        "mean_diff": 0.2737219344151836,
        "mean_ratio": 1.8298729480794893,
        "p90_diff": 0.30796580200601753
      },
      "avg_cdi": {
        "mean_diff": 0.0,
        "mean_ratio": 0.0,
        "p90_diff": 0.0
      },
      "avg_interference_dbm": {
        "mean_diff": -4.962263574353514,
        "mean_ratio": -105430645089.12616,
        "p90_diff": -2.238882915755127
      },
      "avg_margin_db": {
        "mean_diff": -6.215926612229588,
        "mean_ratio": -0.10839729357650671,
        "p90_diff": -5.068727045177252
      }
    }
  }
}