{
  "dataset_id": "dryad",
  "family": "Dryad Ericsson 5G NSA",
  "reference_altitude_m": 29.9488127,
  "station_height_m": 12.0,
  "comm_freq_hz": 3600000000.0,
  "environment_alignment": {
    "notes": "Dryad日志无BS方位字段，使用高SINR/高吞吐样本的质心作为服务中心代理；站高沿用AERPAW反推的12 m口径。",
    "area_size_m": 614.0168200960219,
    "station_xy_local_m": [
      71.39307131457228,
      22.466398102198983
    ],
    "station_xy_aligned_m": [
      392.5001347700527,
      321.7178539478443
    ],
    "shift_xy_m": [
      321.1070634554804,
      299.2514558456453
    ],
    "hotspots": [
      {
        "x_m": 403.70778252312095,
        "y_m": 236.0549273563042,
        "height_m": 16.0,
        "power_dbm": 30.0,
        "type_id": 3.0
      },
      {
        "x_m": 158.27868210603089,
        "y_m": 232.79691600560972,
        "height_m": 16.0,
        "power_dbm": 34.0,
        "type_id": 3.0
      }
    ]
  },
  "groups": {
    "measured_selected": {
      "count": 6,
      "sinr_db": {
        "count": 6,
        "mean": 9.278544260576709,
        "p10": -4.644699288313795,
        "p50": 9.210469931688657,
        "p90": 23.269862138355265,
        "min": -6.312689017918821,
        "max": 25.11986269730191
      },
      "margin_db": {
        "count": 6,
        "mean": 9.278544260576709,
        "p10": -4.644699288313795,
        "p50": 9.210469931688657,
        "p90": 23.269862138355265,
        "min": -6.312689017918821,
        "max": 25.11986269730191
      },
      "rate_mbps": {
        "count": 6,
        "mean": 397.6141344206391,
        "p10": 44.586438188747714,
        "p50": 374.50799813611076,
        "p90": 773.7479669370589,
        "min": 30.303716915842887,
        "max": 834.9068961190718
      },
      "outage": {
        "-5.0": 0.16666666666666666,
        "0.0": 0.5,
        "5.0": 0.5,
        "10.0": 0.5
      },
      "tail": {
        "tail_mean_sinr_db": -6.312689017918821,
        "tail_mean_rate_mbps": 30.303716915842887,
        "tail_mean_margin_db": -6.312689017918821
      }
    },
    "measured_trajectory": {
      "count": 7451,
      "sinr_db": {
        "count": 7451,
        "mean": 14.685679045562106,
        "p10": 4.344758118126933,
        "p50": 14.999817692278043,
        "p90": 24.606418831952347,
        "min": -19.416917415642473,
        "max": 44.75403822929796
      },
      "margin_db": {
        "count": 7451,
        "mean": 14.685679045562106,
        "p10": 4.344758118126933,
        "p50": 14.999817692278043,
        "p90": 24.606418831952347,
        "min": -19.416917415642473,
        "max": 44.75403822929796
      },
      "rate_mbps": {
        "count": 7451,
        "mean": 507.06817391562356,
        "p10": 189.50765127374427,
        "p50": 502.7748968485954,
        "p90": 817.9061743615697,
        "min": 1.6406315565232137,
        "max": 1486.7017974932999
      },
      "outage": {
        "-5.0": 0.01449469869816132,
        "0.0": 0.041068312978123744,
        "5.0": 0.1132733861226681,
        "10.0": 0.2745940142262783
      },
      "tail": {
        "tail_mean_sinr_db": -3.5748245167955974,
        "tail_mean_rate_mbps": 63.6196438771539,
        "tail_mean_margin_db": -3.5748245167955974
      }
    },
    "random": {
      "count": 16,
      "sinr_db": {
        "count": 16,
        "mean": 11.906894355796503,
        "p10": 2.4471853457494284,
        "p50": 13.964560148181324,
        "p90": 21.416910451433196,
        "min": -5.36796473764926,
        "max": 23.12734385393587
      },
      "margin_db": {
        "count": 16,
        "mean": 11.906894355796503,
        "p10": 2.4471853457494284,
        "p50": 13.964560148181324,
        "p90": 21.416910451433196,
        "min": -5.36796473764926,
        "max": 23.12734385393587
      },
      "rate_mbps": {
        "count": 16,
        "mean": 425.77695694119114,
        "p10": 149.64291236833617,
        "p50": 469.72572880631606,
        "p90": 712.4938345963096,
        "min": 36.79730588016441,
        "max": 768.9741964475734
      },
      "outage": {
        "-5.0": 0.0625,
        "0.0": 0.0625,
        "5.0": 0.1875,
        "10.0": 0.4375
      },
      "tail": {
        "tail_mean_sinr_db": -5.36796473764926,
        "tail_mean_rate_mbps": 36.79730588016441,
        "tail_mean_margin_db": -5.36796473764926
      }
    },
    "model_worst_region": {
      "count": 6,
      "sinr_db": {
        "count": 6,
        "mean": -4.641597808633871,
        "p10": -5.643434012883187,
        "p50": -4.6472149579243975,
        "p90": -3.6341444550940274,
        "min": -5.671181454250252,
        "max": -3.4921762152256832
      },
      "margin_db": {
        "count": 6,
        "mean": -4.641597808633871,
        "p10": -5.643434012883187,
        "p50": -4.6472149579243975,
        "p90": -3.6341444550940274,
        "min": -5.671181454250252,
        "max": -3.4921762152256832
      },
      "rate_mbps": {
        "count": 6,
        "mean": 43.17268034413119,
        "p10": 34.78770321249159,
        "p50": 42.80041868968401,
        "p90": 51.92991913021798,
        "min": 34.590210458363174,
        "max": 53.35523994260723
      },
      "outage": {
        "-5.0": 0.5,
        "0.0": 1.0,
        "5.0": 1.0,
        "10.0": 1.0
      },
      "tail": {
        "tail_mean_sinr_db": -5.671181454250252,
        "tail_mean_rate_mbps": 34.590210458363174,
        "tail_mean_margin_db": -5.671181454250252
      }
    }
  }
}