x_m,y_m,z_m,margin_db,sinr_db,rate_bps,outage,i_dbm,p_rx_dbm,ee_bpj
129.26669896758355,193.9000484513753,29.9488127,-5.671181454250252,-5.671181454250252,34590210.458363175,1.0,-46.66222611953353,-52.33300579515321,183558.315418304
193.9000484513753,226.2167231932712,29.9488127,-5.615686571516122,-5.615686571516122,34985195.966620006,1.0,-43.26524971391008,-48.880752504644846,185654.36726504078
96.95002422568766,226.2167231932712,29.9488127,-5.240350361237496,-5.240350361237496,37762611.936199665,1.0,-47.934896561482326,-53.1747083466679,200393.15577879135
161.58337370947945,193.9000484513753,29.9488127,-4.054079554611299,-4.054079554611299,47838225.44316835,1.0,-46.92130731722821,-50.97496039670084,253860.96119649216
129.26669896758355,161.58337370947945,29.9488127,-3.7761126949623716,-3.7761126949623716,50504598.31782873,1.0,-49.28360747331325,-53.05898547117958,268010.4823085091
0.0,193.9000484513753,29.9488127,-3.4921762152256832,-3.4921762152256832,53355239.942607224,1.0,-54.21486418121007,-57.70475397436708,283137.85411607573
