{
  "dataset_id": "dryad",
  "family": "Dryad Ericsson 5G NSA",
  "reference_altitude_m": 29.9488127,
  "station_height_m": 12.0,
  "comm_freq_hz": 3600000000.0,
  "algorithm_group": "ga",
  "search": {
    "best_score": 1.0,
    "score_stats": {
      "count": 2,
      "mean": 1.0,
      "std": 0.0,
      "p10": 1.0,
      "p50": 1.0,
      "p90": 1.0,
      "max": 1.0,
      "min": 1.0
    },
    "num_samples": 2,
    "gan_training": {}
  },
  "environment_alignment": {
    "notes": "Dryad日志无BS方位字段，使用高SINR/高吞吐样本的质心作为服务中心代理；站高沿用AERPAW反推的12 m口径。",
    "area_size_m": 614.0168200960219,
    "station_xy_local_m": [
      71.39307131457228,
      22.466398102198983
    ],
    "station_xy_aligned_m": [
      392.5001347700527,
      321.7178539478443
    ],
    "shift_xy_m": [
      321.1070634554804,
      299.2514558456453
    ],
    "hotspots": [
      {
        "x_m": 403.70778252312095,
        "y_m": 236.0549273563042,
        "height_m": 16.0,
        "power_dbm": 30.0,
        "type_id": 3.0
      },
      {
        "x_m": 158.27868210603089,
        "y_m": 232.79691600560972,
        "height_m": 16.0,
        "power_dbm": 34.0,
        "type_id": 3.0
      }
    ]
  },
  "groups": {
    "measured_selected": {
      "count": 6,
      "sinr_db": {
        "count": 6,
        "mean": 9.52701732605569,
        "p10": -2.75999145891927,
        "p50": 11.740366357710503,
        "p90": 19.600677079375835,
        "min": -7.604920024679217,
        "max": 24.492859469833903
      },
      "margin_db": {
        "count": 6,
        "mean": 9.52701732605569,
        "p10": -2.75999145891927,
        "p50": 11.740366357710503,
        "p90": 19.600677079375835,
        "min": -7.604920024679217,
        "max": 24.492859469833903
      },
      "rate_mbps": {
        "count": 6,
        "mean": 378.52678999234166,
        "p10": 80.91951265768361,
        "p50": 400.8854226720748,
        "p90": 653.7754346472666,
        "min": 23.092027485183745,
        "max": 814.1470008471646
      },
      "outage": {
        "-5.0": 0.16666666666666666,
        "0.0": 0.16666666666666666,
        "5.0": 0.3333333333333333,
        "10.0": 0.5
      },
      "tail": {
        "tail_mean_sinr_db": -7.604920024679217,
        "tail_mean_rate_mbps": 23.092027485183745,
        "tail_mean_margin_db": -7.604920024679217
      }
    },
    "measured_trajectory": {
      "count": 7451,
      "sinr_db": {
        "count": 7451,
        "mean": 12.341811264194318,
        "p10": 4.062855042411847,
        "p50": 12.57694939274706,
        "p90": 20.54108128100198,
        "min": -18.548715010044234,
        "max": 36.814139365701266
      },
      "margin_db": {
        "count": 7451,
        "mean": 12.341811264194318,
        "p10": 4.062855042411847,
        "p50": 12.57694939274706,
        "p90": 20.54108128100198,
        "min": -18.548715010044234,
        "max": 36.814139365701266
      },
      "rate_mbps": {
        "count": 7451,
        "mean": 431.7503706000554,
        "p10": 182.72113731800823,
        "p50": 425.5552248432189,
        "p90": 683.6280582930805,
        "min": 2.001186069412947,
        "max": 1222.9692795493895
      },
      "outage": {
        "-5.0": 0.014763119044423567,
        "0.0": 0.04133673332438599,
        "5.0": 0.12239967789558448,
        "10.0": 0.3457254059857737
      },
      "tail": {
        "tail_mean_sinr_db": -3.652149880209127,
        "tail_mean_rate_mbps": 62.41727524707007,
        "tail_mean_margin_db": -3.652149880209127
      }
    },
    "random": {
      "count": 10,
      "sinr_db": {
        "count": 10,
        "mean": 6.078815963090967,
        "p10": -5.0479766712559115,
        "p50": 6.07918320084832,
        "p90": 13.21858813495058,
        "min": -5.255497030993396,
        "max": 15.762228477136574
      },
      "margin_db": {
        "count": 10,
        "mean": 6.078815963090967,
        "p10": -5.0479766712559115,
        "p50": 6.07918320084832,
        "p90": 13.21858813495058,
        "min": -5.255497030993396,
        "max": 15.762228477136574
      },
      "rate_mbps": {
        "count": 10,
        "mean": 265.84074160806483,
        "p10": 39.26291292874373,
        "p50": 233.76842679126213,
        "p90": 445.93152633091,
        "min": 37.646890820638795,
        "max": 527.3878177860392
      },
      "outage": {
        "-5.0": 0.2,
        "0.0": 0.2,
        "5.0": 0.4,
        "10.0": 0.6
      },
      "tail": {
        "tail_mean_sinr_db": -5.255497030993396,
        "tail_mean_rate_mbps": 37.646890820638795,
        "tail_mean_margin_db": -5.255497030993396
      }
    },
    "model_worst_region": {
      "count": 4,
      "sinr_db": {
        "count": 4,
        "mean": -5.427923862337,
        "p10": -9.926162964915134,
        "p50": -3.16685663322653,
        "p90": -2.7385385430472406,
        "min": -12.640140452684527,
        "max": -2.7378417302104117
      },
      "margin_db": {
        "count": 4,
        "mean": -5.427923862337,
        "p10": -9.926162964915134,
        "p50": -3.16685663322653,
        "p90": -2.738538543047241,
        "min": -12.640140452684527,
        "max": -2.7378417302104125
      },
      "rate_mbps": {
        "count": 4,
        "mean": 45.774515853503864,
        "p10": 21.05096792892522,
        "p50": 56.93623534443725,
        "p90": 61.56868818533581,
        "min": 7.648864059671122,
        "max": 61.57672866546985
      },
      "outage": {
        "-5.0": 0.25,
        "0.0": 1.0,
        "5.0": 1.0,
        "10.0": 1.0
      },
      "tail": {
        "tail_mean_sinr_db": -12.640140452684527,
        "tail_mean_rate_mbps": 7.648864059671122,
        "tail_mean_margin_db": -12.640140452684527
      }
    }
  }
}