x_m,y_m,z_m,margin_db,sinr_db,rate_bps,outage,i_dbm,p_rx_dbm,ee_bpj
0.0,614.0168200960219,29.9488127,-12.640140452684527,-12.640140452684527,7648864.059671122,1.0,-48.027746789833834,-60.667337028717725,40589.883179429475
111.63942183564035,279.0985545891009,29.9488127,-3.5935488267865523,-3.593548826786552,52322543.62385145,1.0,-48.33704880093102,-51.93000680164812,277657.69096882717
55.819710917820174,558.1971091782018,29.9488127,-2.7401644396665077,-2.7401644396665077,61549927.06502305,1.0,-54.91109257738504,-57.648573160069844,326624.23201427766
111.63942183564035,167.45913275346052,29.9488127,-2.7378417302104125,-2.7378417302104117,61576728.66546985,1.0,-50.894859473664184,-53.63163652895436,326766.4588629535
