{
  "dataset_id": "dryad",
  "family": "Dryad Ericsson 5G NSA",
  "methodology": {
    "mode": "measured_map_driven",
    "notes": "Measured-map-driven comparison. The open dataset is treated as a measured field only. No explicit serving base station, hotspot, or fictional interferer reconstruction is used for visualization or optimization.",
    "low_quantile": 0.1,
    "spacing_ref_m": 5.0,
    "shift_xy_m": [
      321.1070634554804,
      299.2514558456453
    ],
    "area_size_m": 614.0168200960219,
    "no_explicit_bs_or_interferer_reconstruction": true
  },
  "search_groups": {
    "random": {
      "best_score": 0.7167103444287335,
      "score_stats": {
        "count": 60,
        "mean": 0.18954282457577962,
        "std": 0.2151307810973698,
        "p10": 0.0009869409329568062,
        "p50": 0.11027896633534195,
        "p90": 0.4904436275583399,
        "min": 4.177812387979782e-05,
        "max": 0.7167103444287335
      },
      "num_samples": 60,
      "search_note": "",
      "gan_training": {}
    },
    "ga": {
      "best_score": 1.2490848414128262,
      "score_stats": {
        "count": 12,
        "mean": 1.1115097130932288,
        "std": 0.12175879803538212,
        "p10": 0.9750527748019052,
        "p50": 1.135778598801155,
        "p90": 1.2193193690508155,
        "min": 0.7997869550293653,
        "max": 1.2490848414128262
      },
      "num_samples": 12,
      "search_note": "geatpy_ga",
      "gan_training": {}
    },
    "gan": {
      "best_score": 0.7861840928337566,
      "score_stats": {
        "count": 12,
        "mean": 0.4752341667688121,
        "std": 0.1455508378508508,
        "p10": 0.2751041929113097,
        "p50": 0.5128139064337803,
        "p90": 0.5783772017442262,
        "min": 0.2305443179614191,
        "max": 0.7861840928337566
      },
      "num_samples": 12,
      "search_note": "",
      "gan_training": {
        "epochs": 8,
        "batch_size": 4,
        "latent_dim": 12
      }
    }
  },
  "groups": {
    "measured_poor_cloud": {
      "count": 919,
      "field_score": {
        "count": 919,
        "mean": 0.9043453856234341,
        "p10": 0.6746795418535749,
        "p50": 0.8269645108584525,
        "p90": 1.281829220279158,
        "min": 0.575,
        "max": 1.4249999999999998
      },
      "predicted_sinr_db": {
        "count": 919,
        "mean": 16.87439063707133,
        "p10": 15.0,
        "p50": 16.713518532258075,
        "p90": 21.578978357125624,
        "min": 13.0,
        "max": 23.28229105573154
      },
      "predicted_throughput_mbps": {
        "count": 919,
        "mean": 284.9250979952575,
        "p10": 231.9944988432806,
        "p50": 302.2610658624275,
        "p90": 317.7809468961261,
        "min": 28.6,
        "max": 329.16546360958085
      },
      "nearest_poor_dist_m": {
        "count": 919,
        "mean": 0.0,
        "p10": 0.0,
        "p50": 0.0,
        "p90": 0.0,
        "min": 0.0,
        "max": 0.0
      },
      "global_confidence": {
        "count": 919,
        "mean": 1.0,
        "p10": 1.0,
        "p50": 1.0,
        "p90": 1.0,
        "min": 1.0,
        "max": 1.0
      },
      "hit_rate_15m": 1.0,
      "hit_rate_25m": 1.0,
      "hit_rate_40m": 1.0
    },
    "measured_selected": {
      "count": 6,
      "field_score": {
        "count": 6,
        "mean": 0.9274357613768434,
        "p10": 0.31780257131444795,
        "p50": 1.1197745928369802,
        "p90": 1.3447301199791024,
        "min": 0.15236045639172888,
        "max": 1.4249999999999998
      },
      "predicted_sinr_db": {
        "count": 6,
        "mean": 16.47989736954423,
        "p10": 13.0,
        "p50": 16.439692108632684,
        "p90": 20.0,
        "min": 13.0,
        "max": 22.0
      },
      "predicted_throughput_mbps": {
        "count": 6,
        "mean": 204.1507146563283,
        "p10": 64.8,
        "p50": 231.06978849436348,
        "p90": 316.5823554746214,
        "min": 28.6,
        "max": 318.76562692865764
      },
      "nearest_poor_dist_m": {
        "count": 6,
        "mean": 24.453879103501254,
        "p10": 0.0,
        "p50": 0.0,
        "p90": 73.36163731050377,
        "min": 0.0,
        "max": 86.44433569270147
      },
      "global_confidence": {
        "count": 6,
        "mean": 1.0,
        "p10": 1.0,
        "p50": 1.0,
        "p90": 1.0,
        "min": 1.0,
        "max": 1.0
      },
      "hit_rate_15m": 0.6666666666666666,
      "hit_rate_25m": 0.6666666666666666,
      "hit_rate_40m": 0.6666666666666666
    },
    "random": {
      "count": 60,
      "field_score": {
        "count": 60,
        "mean": 0.18954282457577962,
        "p10": 0.0009869409329568062,
        "p50": 0.11027896633534195,
        "p90": 0.4904436275583399,
        "min": 4.177812387979782e-05,
        "max": 0.7167103444287335
      },
      "predicted_sinr_db": {
        "count": 60,
        "mean": 20.29463757692964,
        "p10": 16.604277285393994,
        "p50": 20.920274738494825,
        "p90": 22.76665459409942,
        "min": 14.000906064724424,
        "max": 23.498934006027106
      },
      "predicted_throughput_mbps": {
        "count": 60,
        "mean": 303.35296598820946,
        "p10": 266.1638961186369,
        "p50": 310.4240953084623,
        "p90": 316.49732142299047,
        "min": 243.89823627135527,
        "max": 321.09309642996607
      },
      "nearest_poor_dist_m": {
        "count": 60,
        "mean": 63.94534188695835,
        "p10": 7.902589084397266,
        "p50": 50.81733862730298,
        "p90": 144.34744693945558,
        "min": 1.4267406346262883,
        "max": 223.0534683664174
      },
      "global_confidence": {
        "count": 60,
        "mean": 0.379601088242637,
        "p10": 0.003882140975587012,
        "p50": 0.34494987553580414,
        "p90": 0.886403273170812,
        "min": 9.480207174332195e-05,
        "max": 0.9871700491268707
      },
      "hit_rate_15m": 0.23333333333333334,
      "hit_rate_25m": 0.36666666666666664,
      "hit_rate_40m": 0.45
    },
    "ga": {
      "count": 12,
      "field_score": {
        "count": 12,
        "mean": 1.1115097130932288,
        "p10": 0.9750527748019052,
        "p50": 1.135778598801155,
        "p90": 1.2193193690508155,
        "min": 0.7997869550293653,
        "max": 1.2490848414128262
      },
      "predicted_sinr_db": {
        "count": 12,
        "mean": 16.910584299977298,
        "p10": 15.384162398590805,
        "p50": 16.485336214968097,
        "p90": 18.138658599814182,
        "min": 14.318588346104972,
        "max": 22.10600412297325
      },
      "predicted_throughput_mbps": {
        "count": 12,
        "mean": 236.95383630813546,
        "p10": 200.13696989032482,
        "p50": 245.64289284150698,
        "p90": 272.4398756640297,
        "min": 134.27826697985233,
        "max": 289.23223450986825
      },
      "nearest_poor_dist_m": {
        "count": 12,
        "mean": 1.3274274821821843,
        "p10": 0.5254438210040749,
        "p50": 1.074775379973195,
        "p90": 1.9752470655138705,
        "min": 0.14219647424823847,
        "max": 4.563180078221435
      },
      "global_confidence": {
        "count": 12,
        "mean": 0.9455290674111748,
        "p10": 0.9059592901228077,
        "p50": 0.9688845519997293,
        "p90": 0.9799220293050217,
        "min": 0.7959976830278112,
        "max": 0.9929153912907341
      },
      "hit_rate_15m": 1.0,
      "hit_rate_25m": 1.0,
      "hit_rate_40m": 1.0
    },
    "gan": {
      "count": 12,
      "field_score": {
        "count": 12,
        "mean": 0.4752341667688121,
        "p10": 0.2751041929113097,
        "p50": 0.5128139064337803,
        "p90": 0.5783772017442262,
        "min": 0.2305443179614191,
        "max": 0.7861840928337566
      },
      "predicted_sinr_db": {
        "count": 12,
        "mean": 17.971331468070773,
        "p10": 16.39522622006189,
        "p50": 18.026551790308456,