{
  "ga_summary": {
    "avg_total_deg": {
      "count": 3,
      "mean": 0.39810381369156156,
      "std": 0.01362868641376782,
      "p10": 0.384586892132402,
      "p50": 0.39899282895634175,
      "p90": 0.411265129144809,
      "min": 0.38098540792641705,
      "max": 0.4143332041919258
    },
    "avg_comm_deg": {
      "count": 3,
      "mean": 0.5687197338450879,
      "std": 0.019469552019668254,
      "p10": 0.5494098459034314,
      "p50": 0.5699897556519168,
      "p90": 0.5875216130640127,
      "min": 0.5442648684663101,
      "max": 0.5919045774170367
    },
    "avg_cdi": {
      "count": 3,
      "mean": 0.0,
      "std": 0.0,
      "p10": 0.0,
      "p50": 0.0,
      "p90": 0.0,
      "min": 0.0,
      "max": 0.0
    },
    "avg_interference_dbm": {
      "count": 3,
      "mean": -113.27005938433024,
      "std": 0.6217922631440028,
      "p10": -113.89430598399274,
      "p50": -112.88155984977413,
      "p90": -112.80121259849018,
      "min": -114.14749251754739,
      "max": -112.78112578566919
    },
    "avg_margin_db": {
      "count": 3,
      "mean": 0.31330026740890643,
      "std": 1.3074008673285797,
      "p10": -0.9890805223332608,
      "p50": 0.43391744132416105,
      "p90": 1.5674341875849718,
      "min": -1.3448300132476163,
      "max": 1.8508133741501744
    }
  },
  "gan_summary": {
    "avg_total_deg": {
      "count": 10,
      "mean": 0.21935179987903797,
      "std": 0.0027090506863644433,
      "p10": 0.21664895286061758,
      "p50": 0.21865361416486356,
      "p90": 0.22232916980580325,
      "min": 0.21542644413560183,
      "max": 0.2253764110457123
    },
    "avg_comm_deg": {
      "count": 10,
      "mean": 0.31335971411291136,
      "std": 0.0038700724090920814,
      "p10": 0.3094985040865965,
      "p50": 0.31236230594980513,
      "p90": 0.31761309972257606,
      "min": 0.3077520630508598,
      "max": 0.3219663014938748
    },
    "avg_cdi": {
      "count": 10,
      "mean": 0.0,
      "std": 0.0,
      "p10": 0.0,
      "p50": 0.0,
      "p90": 0.0,
      "min": 0.0,
      "max": 0.0
    },
    "avg_interference_dbm": {
      "count": 10,
      "mean": -112.06851287700988,
      "std": 3.2619402541768783,
      "p10": -115.68067013047202,
      "p50": -112.45056587738353,
      "p90": -107.46919744927963,
      "min": -116.46377090012946,
      "max": -106.75475262864266
    },
    "avg_margin_db": {
      "count": 10,
      "mean": 5.732734357054975,
      "std": 0.09595799794665162,
      "p10": 5.620068235123133,
      "p50": 5.771311306027563,
      "p90": 5.825380430563528,
      "min": 5.555705930358484,
      "max": 5.868897680487906
    }
  },
  "random_summary": {
    "avg_total_deg": {
      "count": 24,
      "mean": 0.31807345373155244,
      "std": 0.041818916687943034,
      "p10": 0.2638764352714493,
      "p50": 0.3161037123651833,
      "p90": 0.3670413063143745,
      "min": 0.2557589009342343,
      "max": 0.40266989340249454
    },
    "avg_comm_deg": {
      "count": 24,
      "mean": 0.4543906481879321,
      "std": 0.05974130955420435,
      "p10": 0.3769663361020705,
      "p50": 0.4515767319502618,
      "p90": 0.5243447233062494,
      "min": 0.36536985847747766,
      "max": 0.5752427048607066
    },
    "avg_cdi": {
      "count": 24,
      "mean": 0.0,
      "std": 0.0,
      "p10": 0.0,
      "p50": 0.0,
      "p90": 0.0,
      "min": 0.0,
      "max": 0.0
    },
    "avg_interference_dbm": {
      "count": 24,
      "mean": -109.65866956114661,
      "std": 7.406346292882397,
      "p10": -115.8777297818773,
      "p50": -111.41377947814598,
      "p90": -103.06638728313676,
      "min": -120.49582019682023,
      "max": -83.82075267209635
    },
    "avg_margin_db": {
      "count": 24,
      "mean": 3.896408773707938,
      "std": 1.7640351359671478,
      "p10": 1.5963937189743889,
      "p50": 3.8700067660784425,
      "p90": 6.345526692908815,
      "min": 1.4022880771429946,
      "max": 7.230444997449303
    }
  },
  "comparison": {
    "ga_vs_random": {
      "avg_total_deg": {
        "mean_diff": 0.08003035996000912,
        "mean_ratio": 1.2516096801575687,
        "p90_diff": 0.04422382283043452
      },
      "avg_comm_deg": {
        "mean_diff": 0.11432908565715577,
        "mean_ratio": 1.2516096801575685,
        "p90_diff": 0.06317688975776337
      },
      "avg_cdi": {
        "mean_diff": 0.0,
        "mean_ratio": 0.0,
        "p90_diff": 0.0
      },
      "avg_interference_dbm": {
        "mean_diff": -3.6113898231836288,
        "mean_ratio": -113270059384.33023,
        "p90_diff": -9.734825315353419
      },
      "avg_margin_db": {
        "mean_diff": -3.5831085062990313,
        "mean_ratio": 0.08040744326493256,
        "p90_diff": -4.778092505323843
      }
    },
    "gan_vs_random": {
      "avg_total_deg": {
        "mean_diff": -0.09872165385251447,
        "mean_ratio": 0.6896262398061249,
        "p90_diff": -0.14471213650857123
      },
      "avg_comm_deg": {
        "mean_diff": -0.14103093407502076,
        "mean_ratio": 0.6896262398061248,
        "p90_diff": -0.2067316235836733
      },
      "avg_cdi": {
        "mean_diff": 0.0,
        "mean_ratio": 0.0,
        "p90_diff": 0.0
      },
      "avg_interference_dbm": {
        "mean_diff": -2.40984331586327,
        "mean_ratio": -112068512877.00987,
        "p90_diff": -4.402810166142871
      },
      "avg_margin_db": {
        "mean_diff": 1.8363255833470369,
        "mean_ratio": 1.4712866873050219,
        "p90_diff": -0.5201462623452873
      }
    },
    "ga_vs_gan": {
      "avg_total_deg": {
        "mean_diff": 0.1787520138125236,
        "mean_ratio": 1.8149101758503772,
        "p90_diff": 0.18893595933900575
      },
      "avg_comm_deg": {
        "mean_diff": 0.25536001973217654,
        "mean_ratio": 1.8149101758503772,
        "p90_diff": 0.2699085133414367
      },
      "avg_cdi": {
        "mean_diff": 0.0,
        "mean_ratio": 0.0,
        "p90_diff": 0.0
      },
      "avg_interference_dbm": {
        "mean_diff": -1.2015465073203586,
        "mean_ratio": -113270059384.33023,
        "p90_diff": -5.332015149210548
      },
      "avg_margin_db": {
        "mean_diff": -5.419434089646068,
        "mean_ratio": 0.05465110502169777,
        "p90_diff": -4.257946242978556
      }
    }
  }
}