x_m,y_m,z_m,margin_db,sinr_db,rate_bps,outage,i_dbm,p_rx_dbm,ee_bpj
167.45913275346052,223.2788436712807,29.9488127,-2.5846418948858627,-2.5846418948858623,63365223.55906154,1.0,-47.51677893041634,-50.100931680157714,336257.3843430718
167.45913275346052,279.0985545891009,29.9488127,-2.3229496794421323,-2.3229496794421327,66515642.732410796,1.0,-46.979577692099674,-49.30209513600654,352975.57219618146
167.45913275346052,167.45913275346052,29.9488127,-1.998457976297999,-1.9984579762979986,70591724.26941352,1.0,-49.400271919080566,-51.39797519639042,374605.93091690936
55.819710917820174,279.0985545891009,29.9488127,-1.9035203412442598,-1.9035203412442598,71820253.99705045,1.0,-52.59944176845131,-54.50138577052029,381125.3144146707
