{
  "avg_total_deg": {
    "count": 2,
    "mean": 0.2516817745451828,
    "std": 0.0021435411288849016,
    "p10": 0.24996694164207486,
    "p50": 0.2516817745451828,
    "p90": 0.2533966074482907,
    "min": 0.24953823341629788,
    "max": 0.2538253156740677
  },
  "avg_comm_deg": {
    "count": 2,
    "mean": 0.359545392207404,
    "std": 0.0030622016126927443,
    "p10": 0.35709563091724983,
    "p50": 0.359545392207404,
    "p90": 0.36199515349755823,
    "min": 0.3564831905947113,
    "max": 0.3626075938200968
  },
  "avg_cdi": {
    "count": 2,
    "mean": 0.0,
    "std": 0.0,
    "p10": 0.0,
    "p50": 0.0,
    "p90": 0.0,
    "min": 0.0,
    "max": 0.0
  },
  "avg_interference_dbm": {
    "count": 2,
    "mean": -99.6564081748202,
    "std": 0.1908806614096008,
    "p10": -99.80911270394789,
    "p50": -99.6564081748202,
    "p90": -99.50370364569253,
    "min": -99.84728883622981,
    "max": -99.4655275134106
  },
  "avg_margin_db": {
    "count": 2,
    "mean": 4.886559311124613,
    "std": 0.002597572436899398,
    "p10": 4.884481253175093,
    "p50": 4.886559311124613,
    "p90": 4.888637369074133,
    "min": 4.883961738687714,
    "max": 4.889156883561513
  },
  "gan_training": {
    "epochs": 2,
    "batch_size": 8,
    "latent_dim": 16
  }
}