{
  "ga_summary": {
    "avg_total_deg": {
      "count": 2,
      "mean": 0.39724964562220666,
      "std": 0.002603621206578699,
      "p10": 0.3951667486569437,
      "p50": 0.39724964562220666,
      "p90": 0.39933254258746964,
      "min": 0.39464602441562796,
      "max": 0.39985326682878536
    },
    "avg_comm_deg": {
      "count": 2,
      "mean": 0.5674994937460095,
      "std": 0.0037194588665410144,
      "p10": 0.5645239266527766,
      "p50": 0.5674994937460095,
      "p90": 0.5704750608392424,
      "min": 0.5637800348794685,
      "max": 0.5712189526125505
    },
    "avg_cdi": {
      "count": 2,
      "mean": 0.0,
      "std": 0.0,
      "p10": 0.0,
      "p50": 0.0,
      "p90": 0.0,
      "min": 0.0,
      "max": 0.0
    },
    "avg_interference_dbm": {
      "count": 2,
      "mean": -106.81592259637941,
      "std": 2.385026168659124,
      "p10": -108.7239435313067,
      "p50": -106.81592259637941,
      "p90": -104.90790166145212,
      "min": -109.20094876503853,
      "max": -104.43089642772028
    },
    "avg_margin_db": {
      "count": 2,
      "mean": 1.3895835521552893,
      "std": 0.42213734064082337,
      "p10": 1.0518736796426307,
      "p50": 1.3895835521552893,
      "p90": 1.727293424667948,
      "min": 0.9674462115144659,
      "max": 1.8117208927961126
    }
  },
  "gan_summary": {
    "avg_total_deg": {
      "count": 2,
      "mean": 0.2516817745451828,
      "std": 0.0021435411288849016,
      "p10": 0.24996694164207486,
      "p50": 0.2516817745451828,
      "p90": 0.2533966074482907,
      "min": 0.24953823341629788,
      "max": 0.2538253156740677
    },
    "avg_comm_deg": {
      "count": 2,
      "mean": 0.359545392207404,
      "std": 0.0030622016126927443,
      "p10": 0.35709563091724983,
      "p50": 0.359545392207404,
      "p90": 0.36199515349755823,
      "min": 0.3564831905947113,
      "max": 0.3626075938200968
    },
    "avg_cdi": {
      "count": 2,
      "mean": 0.0,
      "std": 0.0,
      "p10": 0.0,
      "p50": 0.0,
      "p90": 0.0,
      "min": 0.0,
      "max": 0.0
    },
    "avg_interference_dbm": {
      "count": 2,
      "mean": -99.6564081748202,
      "std": 0.1908806614096008,
      "p10": -99.80911270394789,
      "p50": -99.6564081748202,
      "p90": -99.50370364569253,
      "min": -99.84728883622981,
      "max": -99.4655275134106
    },
    "avg_margin_db": {
      "count": 2,
      "mean": 4.886559311124613,
      "std": 0.002597572436899398,
      "p10": 4.884481253175093,
      "p50": 4.886559311124613,
      "p90": 4.888637369074133,
      "min": 4.883961738687714,
      "max": 4.889156883561513
    }
  },
  "random_summary": {
    "avg_total_deg": {
      "count": 10,
      "mean": 0.3429280382214904,
      "std": 0.06901045407333056,
      "p10": 0.2674903183979616,
      "p50": 0.327519140641204,
      "p90": 0.4265805668765885,
      "min": 0.22757892384079056,
      "max": 0.4445721579198903
    },
    "avg_comm_deg": {
      "count": 10,
      "mean": 0.48989719745927196,
      "std": 0.09858636296190079,
      "p10": 0.38212902628280226,
      "p50": 0.4678844866302915,
      "p90": 0.6094008098236979,
      "min": 0.32511274834398657,
      "max": 0.6351030827427006
    },
    "avg_cdi": {
      "count": 10,
      "mean": 0.0,
      "std": 0.0,
      "p10": 0.0,
      "p50": 0.0,
      "p90": 0.0,
      "min": 0.0,
      "max": 0.0
    },
    "avg_interference_dbm": {
      "count": 10,
      "mean": -103.47306873659223,
      "std": 3.421084585763917,
      "p10": -107.89210097886546,
      "p50": -102.72578685736022,
      "p90": -100.0611380506922,
      "min": -109.17525405185029,
      "max": -98.38744480407416
    },
    "avg_margin_db": {
      "count": 10,
      "mean": 3.024395561533715,
      "std": 3.1384086565864107,
      "p10": -0.4231381971026341,
      "p50": 3.352201138105504,
      "p90": 7.082791614145407,
      "min": -1.6528010291718083,
      "max": 8.760632331950765
    }
  },
  "comparison": {
    "ga_vs_random": {
      "avg_total_deg": {
        "mean_diff": 0.05432160740071623,
        "mean_ratio": 1.1584052668380267,
        "p90_diff": -0.027248024289118877
      },
      "avg_comm_deg": {
        "mean_diff": 0.07760229628673754,
        "mean_ratio": 1.158405266838027,
        "p90_diff": -0.038925748984455555
      },
      "avg_cdi": {
        "mean_diff": 0.0,
        "mean_ratio": 0.0,
        "p90_diff": 0.0
      },
      "avg_interference_dbm": {
        "mean_diff": -3.3428538597871835,
        "mean_ratio": -106815922596.3794,
        "p90_diff": -4.846763610759922
      },
      "avg_margin_db": {
        "mean_diff": -1.6348120093784255,
        "mean_ratio": 0.4594582698866981,
        "p90_diff": -5.3554981894774585
      }
    },
    "gan_vs_random": {
      "avg_total_deg": {
        "mean_diff": -0.09124626367630762,
        "mean_ratio": 0.7339200837892017,
        "p90_diff": -0.17318395942829784
      },
      "avg_comm_deg": {
        "mean_diff": -0.13035180525186796,
        "mean_ratio": 0.7339200837892018,
        "p90_diff": -0.2474056563261397
      },
      "avg_cdi": {
        "mean_diff": 0.0,
        "mean_ratio": 0.0,
        "p90_diff": 0.0
      },
      "avg_interference_dbm": {
        "mean_diff": 3.816660561772025,
        "mean_ratio": -99656408174.82019,
        "p90_diff": 0.5574344049996682
      },
      "avg_margin_db": {
        "mean_diff": 1.8621637495908985,
        "mean_ratio": 1.6157143507533016,
        "p90_diff": -2.1941542450712737
      }
    },
    "ga_vs_gan": {
      "avg_total_deg": {
        "mean_diff": 0.14556787107702385,
        "mean_ratio": 1.5783806608169435,
        "p90_diff": 0.14593593513917896
      },
      "avg_comm_deg": {
        "mean_diff": 0.2079541015386055,
        "mean_ratio": 1.5783806608169435,
        "p90_diff": 0.20847990734168415
      },
      "avg_cdi": {
        "mean_diff": 0.0,
        "mean_ratio": 0.0,
        "p90_diff": 0.0
      },
      "avg_interference_dbm": {
        "mean_diff": -7.159514421559209,
        "mean_ratio": -106815922596.3794,
        "p90_diff": -5.40419801575959
      },
      "avg_margin_db": {
        "mean_diff": -3.4969757589693238,
        "mean_ratio": 0.2843685021875821,
        "p90_diff": -3.161343944406185
      }
    }
  }
}