{
  "dataset_id": "aerpaw",
  "family": "AERPAW 5G NSA",
  "reference_altitude_m": 29.936,
  "station_height_m": 11.98287770083776,
  "comm_freq_hz": 3600000000.0,
  "algorithm_group": "gan",
  "search": {
    "best_score": 1.0,
    "score_stats": {
      "count": 20,
      "mean": 0.85,
      "std": 0.3570714214271425,
      "p10": 0.0,
      "p50": 1.0,
      "p90": 1.0,
      "max": 1.0,
      "min": 0.0
    },
    "num_samples": 20,
    "gan_training": {
      "epochs": 300,
      "batch_size": 32,
      "latent_dim": 32
    }
  },
  "environment_alignment": {
    "notes": "按日志中的基站距离/方位/仰角重建BS相对坐标；站高由日志反推中位数约12 m。",
    "area_size_m": 615.7622387688107,
    "station_xy_local_m": [
      0.0,
      0.0
    ],
    "station_xy_aligned_m": [
      513.7449077583708,
      236.93890360058958
    ],
    "shift_xy_m": [
      513.7449077583708,
      236.93890360058958
    ],
    "hotspots": [
      {
        "x_m": 318.2196182066838,
        "y_m": 274.3512635336535,
        "height_m": 15.98287770083776,
        "power_dbm": 30.0,
        "type_id": 3.0
      },
      {
        "x_m": 259.90824706627404,
        "y_m": 61.18875652587846,
        "height_m": 15.98287770083776,
        "power_dbm": 34.0,
        "type_id": 3.0
      }
    ]
  },
  "groups": {
    "measured_selected": {
      "count": 5,
      "sinr_db": {
        "count": 5,
        "mean": 10.373963369999029,
        "p10": -6.549877349950577,
        "p50": 9.282195808360136,
        "p90": 29.504467667362487,
        "min": -9.487370939112836,
        "max": 39.08508044290235
      },
      "margin_db": {
        "count": 5,
        "mean": 10.373963369999029,
        "p10": -6.549877349950577,
        "p50": 9.282195808360136,
        "p90": 29.504467667362487,
        "min": -9.487370939112836,
        "max": 39.08508044290235
      },
      "rate_mbps": {
        "count": 5,
        "mean": 442.8088933151612,
        "p10": 36.728405246583144,
        "p50": 324.43632773892733,
        "p90": 981.8709141373497,
        "min": 15.38424209744069,
        "max": 1298.3960771484656
      },
      "outage": {
        "-5.0": 0.2,
        "0.0": 0.4,
        "5.0": 0.4,
        "10.0": 0.6
      },
      "tail": {
        "tail_mean_sinr_db": -9.487370939112836,
        "tail_mean_rate_mbps": 15.38424209744069,
        "tail_mean_margin_db": -9.487370939112836
      }
    },
    "measured_trajectory": {
      "count": 2754,
      "sinr_db": {
        "count": 2754,
        "mean": 15.580414156417179,
        "p10": 1.3175906914616515,
        "p50": 13.282616758462161,
        "p90": 32.77651442580327,
        "min": -17.3848992557067,
        "max": 50.60788988040973
      },
      "margin_db": {
        "count": 2754,
        "mean": 15.580414156417179,
        "p10": 1.3175906914616513,
        "p50": 13.282616758462161,
        "p90": 32.77651442580327,
        "min": -17.3848992557067,
        "max": 50.60788988040973
      },
      "rate_mbps": {
        "count": 2754,
        "mean": 546.605169856333,
        "p10": 123.53829067696354,
        "p50": 447.859777165055,
        "p90": 1088.8883456269218,
        "min": 2.610653673545364,
        "max": 1681.1589664156995
      },
      "outage": {
        "-5.0": 0.02251270878721859,
        "0.0": 0.07915758896151052,
        "5.0": 0.18736383442265794,
        "10.0": 0.3747276688453159
      },
      "tail": {
        "tail_mean_sinr_db": -6.291550426896032,
        "tail_mean_rate_mbps": 39.31909359580611,
        "tail_mean_margin_db": -6.291550426896032
      }
    },
    "random": {
      "count": 120,
      "sinr_db": {
        "count": 120,
        "mean": 12.490623261402842,
        "p10": 0.9708759574913489,
        "p50": 11.388158893062453,
        "p90": 24.530725937788567,
        "min": -8.86451172975471,
        "max": 33.05540753939498
      },
      "margin_db": {
        "count": 120,
        "mean": 12.490623261402842,
        "p10": 0.9708759574913491,
        "p50": 11.388158893062453,
        "p90": 24.530725937788567,
        "min": -8.86451172975471,
        "max": 33.05540753939498
      },
      "rate_mbps": {
        "count": 120,
        "mean": 444.5903390234841,
        "p10": 117.1906932410172,
        "p50": 388.43544056732696,
        "p90": 815.4005090796045,
        "min": 17.61720580101333,
        "max": 1098.1482416822912
      },
      "outage": {
        "-5.0": 0.016666666666666666,
        "0.0": 0.1,
        "5.0": 0.19166666666666668,
        "10.0": 0.45
      },
      "tail": {
        "tail_mean_sinr_db": -4.648927377494247,
        "tail_mean_rate_mbps": 46.67014129352356,
        "tail_mean_margin_db": -4.648927377494247
      }
    },
    "model_worst_region": {
      "count": 25,
      "sinr_db": {
        "count": 25,
        "mean": -10.748870383927583,
        "p10": -13.48888274530969,
        "p50": -9.85345163705314,
        "p90": -8.74530755573654,
        "min": -14.286667906535783,
        "max": -8.43655931611967
      },
      "margin_db": {
        "count": 25,
        "mean": -10.748870383927583,
        "p10": -13.48888274530969,
        "p50": -9.85345163705314,
        "p90": -8.74530755573654,
        "min": -14.286667906535783,
        "max": -8.43655931611967
      },
      "rate_mbps": {
        "count": 25,
        "mean": 12.670565118611009,
        "p10": 6.320322395379065,
        "p50": 14.199769813715637,
        "p90": 18.07821775475687,
        "min": 5.278834947973907,
        "max": 19.32447711580304
      },
      "outage": {
        "-5.0": 1.0,
        "0.0": 1.0,
        "5.0": 1.0,
        "10.0": 1.0
      },
      "tail": {
        "tail_mean_sinr_db": -14.286667906535783,
        "tail_mean_rate_mbps": 5.278834947973907,
        "tail_mean_margin_db": -14.286667906535783
      }
    }
  }
}