{
  "dataset_id": "dryad",
  "family": "Dryad Ericsson 5G NSA",
  "methodology": {
    "mode": "measured_map_driven",
    "notes": "Measured-map-driven comparison. The open dataset is treated as a measured field only. No explicit serving base station, hotspot, or fictional interferer reconstruction is used for visualization or optimization.",
    "low_quantile": 0.1,
    "spacing_ref_m": 5.0,
    "shift_xy_m": [
      321.1070634554804,
      299.2514558456453
    ],
    "area_size_m": 614.0168200960219,
    "no_explicit_bs_or_interferer_reconstruction": true
  },
  "search_groups": {
    "random": {
      "best_score": 0.7505067601220013,
      "score_stats": {
        "count": 40,
        "mean": 0.15876377317884252,
        "std": 0.18891906574402134,
        "p10": 0.0013030011936808453,
        "p50": 0.09037671026693256,
        "p90": 0.41810043660236534,
        "min": 5.7619766285807714e-05,
        "max": 0.7505067601220013
      },
      "num_samples": 40,
      "search_note": "",
      "gan_training": {}
    },
    "ga": {
      "best_score": 1.3717567071896504,
      "score_stats": {
        "count": 40,
        "mean": 1.2364207580309021,
        "std": 0.0987698842145726,
        "p10": 1.1762668589876422,
        "p50": 1.2478541324032524,
        "p90": 1.3466023912038592,
        "min": 0.7794752879902411,
        "max": 1.3717567071896504
      },
      "num_samples": 40,
      "search_note": "geatpy_ga",
      "gan_training": {}
    },
    "gan": {
      "best_score": 0.8173423509252019,
      "score_stats": {
        "count": 20,
        "mean": 0.47283369698084654,
        "std": 0.17392724885940497,
        "p10": 0.2896961303781924,
        "p50": 0.4287271027450257,
        "p90": 0.7097125697676626,
        "min": 0.2097266594481845,
        "max": 0.8173423509252019
      },
      "num_samples": 20,
      "search_note": "",
      "gan_training": {
        "epochs": 300,
        "batch_size": 32,
        "latent_dim": 32
      }
    }
  },
  "groups": {
    "measured_poor_cloud": {
      "count": 919,
      "field_score": {
        "count": 919,
        "mean": 0.9043453856234341,
        "p10": 0.6746795418535749,
        "p50": 0.8269645108584525,
        "p90": 1.281829220279158,
        "min": 0.575,
        "max": 1.4249999999999998
      },
      "predicted_sinr_db": {
        "count": 919,
        "mean": 16.87439063707133,
        "p10": 15.0,
        "p50": 16.713518532258075,
        "p90": 21.578978357125624,
        "min": 13.0,
        "max": 23.28229105573154
      },
      "predicted_throughput_mbps": {
        "count": 919,
        "mean": 284.9250979952575,
        "p10": 231.9944988432806,
        "p50": 302.2610658624275,
        "p90": 317.7809468961261,
        "min": 28.6,
        "max": 329.16546360958085
      },
      "nearest_poor_dist_m": {
        "count": 919,
        "mean": 0.0,
        "p10": 0.0,
        "p50": 0.0,
        "p90": 0.0,
        "min": 0.0,
        "max": 0.0
      },
      "global_confidence": {
        "count": 919,
        "mean": 1.0,
        "p10": 1.0,
        "p50": 1.0,
        "p90": 1.0,
        "min": 1.0,
        "max": 1.0
      },
      "hit_rate_15m": 1.0,
      "hit_rate_25m": 1.0,
      "hit_rate_40m": 1.0
    },
    "measured_selected": {
      "count": 6,
      "field_score": {
        "count": 6,
        "mean": 0.9274357613768434,
        "p10": 0.31780257131444795,
        "p50": 1.1197745928369802,
        "p90": 1.3447301199791024,
        "min": 0.15236045639172888,
        "max": 1.4249999999999998
      },
      "predicted_sinr_db": {
        "count": 6,
        "mean": 16.47989736954423,
        "p10": 13.0,
        "p50": 16.439692108632684,
        "p90": 20.0,
        "min": 13.0,
        "max": 22.0
      },
      "predicted_throughput_mbps": {
        "count": 6,
        "mean": 204.1507146563283,
        "p10": 64.8,
        "p50": 231.06978849436348,
        "p90": 316.5823554746214,
        "min": 28.6,
        "max": 318.76562692865764
      },
      "nearest_poor_dist_m": {
        "count": 6,
        "mean": 24.453879103501254,
        "p10": 0.0,
        "p50": 0.0,
        "p90": 73.36163731050377,
        "min": 0.0,
        "max": 86.44433569270147
      },
      "global_confidence": {
        "count": 6,
        "mean": 1.0,
        "p10": 1.0,
        "p50": 1.0,
        "p90": 1.0,
        "min": 1.0,
        "max": 1.0
      },
      "hit_rate_15m": 0.6666666666666666,
      "hit_rate_25m": 0.6666666666666666,
      "hit_rate_40m": 0.6666666666666666
    },
    "random": {
      "count": 40,
      "field_score": {
        "count": 40,
        "mean": 0.15876377317884252,
        "p10": 0.0013030011936808453,
        "p50": 0.09037671026693256,
        "p90": 0.41810043660236534,
        "min": 5.7619766285807714e-05,
        "max": 0.7505067601220013
      },
      "predicted_sinr_db": {
        "count": 40,
        "mean": 20.032173284726195,
        "p10": 17.685266468399824,
        "p50": 20.291792676429207,
        "p90": 22.518118463169593,
        "min": 14.000089904052336,
        "max": 23.327637478814065
      },
      "predicted_throughput_mbps": {
        "count": 40,
        "mean": 301.87828302691634,
        "p10": 282.02440478013995,
        "p50": 309.2875036887518,
        "p90": 315.9029884942498,
        "min": 235.04579119299726,
        "max": 317.44501219460847
      },
      "nearest_poor_dist_m": {
        "count": 40,
        "mean": 68.95250845778182,
        "p10": 7.678474406201439,
        "p50": 53.507239421313216,
        "p90": 157.93784354598338,
        "min": 2.4341651336967876,
        "max": 206.02193837227603
      },
      "global_confidence": {
        "count": 40,
        "mean": 0.31906726585598577,
        "p10": 0.0028638576557836392,
        "p50": 0.25178354715944085,
        "p90": 0.8119705228337271,
        "min": 0.00015677173345150525,
        "max": 0.9572599150764017
      },
      "hit_rate_15m": 0.175,
      "hit_rate_25m": 0.275,
      "hit_rate_40m": 0.425
    },
    "ga": {
      "count": 40,
      "field_score": {
        "count": 40,
        "mean": 1.2364207580309021,
        "p10": 1.1762668589876422,
        "p50": 1.2478541324032524,
        "p90": 1.3466023912038592,
        "min": 0.7794752879902411,
        "max": 1.3717567071896504
      },
      "predicted_sinr_db": {
        "count": 40,
        "mean": 16.198579911250384,
        "p10": 14.893303768433169,
        "p50": 16.30910178999046,
        "p90": 17.391056334448127,
        "min": 14.70083045734579,
        "max": 18.897866506523094
      },
      "predicted_throughput_mbps": {
        "count": 40,
        "mean": 232.0331578097137,
        "p10": 184.57484301289685,
        "p50": 244.35842986255128,
        "p90": 263.85334126343486,
        "min": 131.03081699376108,
        "max": 299.5586862321976
      },
      "nearest_poor_dist_m": {
        "count": 40,
        "mean": 0.29775292072571874,
        "p10": 0.03803365906052727,
        "p50": 0.17225723139242183,
        "p90": 0.6602714899357583,
        "min": 0.005563328438520946,
        "max": 1.4208567234629
      },
      "global_confidence": {
        "count": 40,
        "mean": 0.9906202967712439,
        "p10": 0.9754877738443379,
        "p50": 0.9939523336117132,
        "p90": 0.998677267732058,
        "min": 0.9729866035346201,
        "max": 0.9997218722627661
      },
      "hit_rate_15m": 1.0,
      "hit_rate_25m": 1.0,
      "hit_rate_40m": 1.0
    },
    "gan": {
      "count": 20,
      "field_score": {
        "count": 20,
        "mean": 0.47283369698084654,
        "p10": 0.2896961303781924,
        "p50": 0.4287271027450257,
        "p90": 0.7097125697676626,
        "min": 0.2097266594481845,
        "max": 0.8173423509252019
      },
      "predicted_sinr_db": {
        "count": 20,
        "mean": 18.87728004170385,
        "p10": 16.81648277180185,
        "p50": 18.7926338984266,
        "p90": 21.022482036444533,