{
  "avg_total_deg": {
    "count": 10,
    "mean": 0.21610485139921365,
    "std": 0.006230904763019586,
    "p10": 0.20684292048696432,
    "p50": 0.2170554389204783,
    "p90": 0.22249444654527756,
    "min": 0.20482541198199647,
    "max": 0.2256028005108419
  },
  "avg_comm_deg": {
    "count": 10,
    "mean": 0.308721216284591,
    "std": 0.0089012925185994,
    "p10": 0.29548988640994905,
    "p50": 0.31007919845782617,
    "p90": 0.3178492093503965,
    "min": 0.2926077314028522,
    "max": 0.3222897150154885
  },
  "avg_cdi": {
    "count": 10,
    "mean": 0.0,
    "std": 0.0,
    "p10": 0.0,
    "p50": 0.0,
    "p90": 0.0,
    "min": 0.0,
    "max": 0.0
  },
  "avg_interference_dbm": {
    "count": 10,
    "mean": -110.64758401284021,
    "std": 2.2963860419735633,
    "p10": -112.86527582407629,
    "p50": -111.0584853103671,
    "p90": -108.84884443351562,
    "min": -114.86227023670227,
    "max": -105.66050947436862
  },
  "avg_margin_db": {
    "count": 10,
    "mean": 5.844892264540248,
    "std": 0.28549785380612297,
    "p10": 5.586734102407788,
    "p50": 5.730855823004761,
    "p90": 6.336386319043693,
    "min": 5.570946958698179,
    "max": 6.413112251457712
  },
  "gan_training": {
    "epochs": 6,
    "batch_size": 8,
    "latent_dim": 16
  }
}