{
  "dataset_id": "dryad",
  "family": "Dryad Ericsson 5G NSA",
  "reference_altitude_m": 29.9488127,
  "station_height_m": 12.0,
  "comm_freq_hz": 3600000000.0,
  "algorithm_group": "random",
  "search": {
    "best_score": 1.0,
    "score_stats": {
      "count": 6,
      "mean": 1.0,
      "std": 0.0,
      "p10": 1.0,
      "p50": 1.0,
      "p90": 1.0,
      "max": 1.0,
      "min": 1.0
    },
    "num_samples": 6,
    "gan_training": {}
  },
  "environment_alignment": {
    "notes": "Dryad日志无BS方位字段，使用高SINR/高吞吐样本的质心作为服务中心代理；站高沿用AERPAW反推的12 m口径。",
    "area_size_m": 614.0168200960219,
    "station_xy_local_m": [
      71.39307131457228,
      22.466398102198983
    ],
    "station_xy_aligned_m": [
      392.5001347700527,
      321.7178539478443
    ],
    "shift_xy_m": [
      321.1070634554804,
      299.2514558456453
    ],
    "hotspots": [
      {
        "x_m": 403.70778252312095,
        "y_m": 236.0549273563042,
        "height_m": 16.0,
        "power_dbm": 30.0,
        "type_id": 3.0
      },
      {
        "x_m": 158.27868210603089,
        "y_m": 232.79691600560972,
        "height_m": 16.0,
        "power_dbm": 34.0,
        "type_id": 3.0
      }
    ]
  },
  "groups": {
    "measured_selected": {
      "count": 6,
      "sinr_db": {
        "count": 6,
        "mean": 8.595634049977825,
        "p10": -7.521921688450728,
        "p50": 10.839904687034807,
        "p90": 22.468919151349397,
        "min": -13.956367185960396,
        "max": 28.180154955194723
      },
      "margin_db": {
        "count": 6,
        "mean": 8.595634049977825,
        "p10": -7.521921688450728,
        "p50": 10.839904687034807,
        "p90": 22.468919151349397,
        "min": -13.956367185960396,
        "max": 28.180154955194723
      },
      "rate_mbps": {
        "count": 6,
        "mean": 390.90141026491966,
        "p10": 44.37652349173676,
        "p50": 380.31073853055887,
        "p90": 748.0169687724633,
        "min": 5.687856317804335,
        "max": 936.3436788511207
      },
      "outage": {
        "-5.0": 0.16666666666666666,
        "0.0": 0.3333333333333333,
        "5.0": 0.3333333333333333,
        "10.0": 0.5
      },
      "tail": {
        "tail_mean_sinr_db": -13.956367185960396,
        "tail_mean_rate_mbps": 5.687856317804335,
        "tail_mean_margin_db": -13.956367185960396
      }
    },
    "measured_trajectory": {
      "count": 7451,
      "sinr_db": {
        "count": 7451,
        "mean": 12.728257883268382,
        "p10": 3.8955400895137022,
        "p50": 13.060254179701431,
        "p90": 20.978846963273526,
        "min": -17.17516878452365,
        "max": 37.86131890934615
      },
      "margin_db": {
        "count": 7451,
        "mean": 12.728257883268382,
        "p10": 3.895540089513702,
        "p50": 13.060254179701431,
        "p90": 20.978846963273526,
        "min": -17.17516878452365,
        "max": 37.86131890934615
      },
      "rate_mbps": {
        "count": 7451,
        "mean": 443.60606270837326,
        "p10": 178.75116139896681,
        "p50": 440.81259586188474,
        "p90": 698.0492082940988,
        "min": 2.738603325991741,
        "max": 1257.7493951136955
      },
      "outage": {
        "-5.0": 0.01167628506240773,
        "0.0": 0.04160515367064824,
        "5.0": 0.12494967118507583,
        "10.0": 0.326399141054892
      },
      "tail": {
        "tail_mean_sinr_db": -3.2602352638574095,
        "tail_mean_rate_mbps": 64.90558793034288,
        "tail_mean_margin_db": -3.2602352638574095
      }
    },
    "random": {
      "count": 10,
      "sinr_db": {
        "count": 10,
        "mean": 15.21516125146287,
        "p10": 10.62858751337558,
        "p50": 15.8934848133975,
        "p90": 19.607536622686606,
        "min": 5.484774210942504,
        "max": 21.879698348086038
      },
      "margin_db": {
        "count": 10,
        "mean": 15.21516125146287,
        "p10": 10.62858751337558,
        "p50": 15.8934848133975,
        "p90": 19.607536622686606,
        "min": 5.484774210942504,
        "max": 21.879698348086038
      },
      "rate_mbps": {
        "count": 10,
        "mean": 512.8599995014181,
        "p10": 366.1609168712883,
        "p50": 531.6370047171986,
        "p90": 652.939173606696,
        "min": 218.13304323973833,
        "max": 727.7606709220985
      },
      "outage": {
        "-5.0": 0.0,
        "0.0": 0.0,
        "5.0": 0.0,
        "10.0": 0.1
      },
      "tail": {
        "tail_mean_sinr_db": 5.484774210942504,
        "tail_mean_rate_mbps": 218.13304323973833,
        "tail_mean_margin_db": 5.484774210942504
      }
    },
    "model_worst_region": {
      "count": 4,
      "sinr_db": {
        "count": 4,
        "mean": -2.2023924729675635,
        "p10": -2.5061342302527434,
        "p50": -2.1607038278700657,
        "p90": -1.9320016317603814,
        "min": -2.5846418948858623,
        "max": -1.9035203412442598
      },
      "margin_db": {
        "count": 4,
        "mean": -2.2023924729675635,
        "p10": -2.5061342302527434,
        "p50": -2.1607038278700657,
        "p90": -1.9320016317603816,
        "min": -2.5846418948858627,
        "max": -1.9035203412442598
      },
      "rate_mbps": {
        "count": 4,
        "mean": 68.07321113948407,
        "p10": 64.31034931106632,
        "p50": 68.55368350091216,
        "p90": 71.45169507875937,
        "min": 63.36522355906154,
        "max": 71.82025399705044
      },
      "outage": {
        "-5.0": 0.0,
        "0.0": 1.0,
        "5.0": 1.0,
        "10.0": 1.0
      },
      "tail": {
        "tail_mean_sinr_db": -2.5846418948858623,
        "tail_mean_rate_mbps": 63.36522355906154,
        "tail_mean_margin_db": -2.5846418948858627
      }
    }
  }
}