{
  "dataset_id": "dryad",
  "family": "Dryad Ericsson 5G NSA",
  "reference_altitude_m": 29.9488127,
  "station_height_m": 12.0,
  "comm_freq_hz": 3600000000.0,
  "environment_alignment": {
    "notes": "Dryad日志无BS方位字段，使用高SINR/高吞吐样本的质心作为服务中心代理；站高沿用AERPAW反推的12 m口径。",
    "area_size_m": 614.0168200960219,
    "station_xy_local_m": [
      71.39307131457228,
      22.466398102198983
    ],
    "station_xy_aligned_m": [
      392.5001347700527,
      321.7178539478443
    ],
    "shift_xy_m": [
      321.1070634554804,
      299.2514558456453
    ],
    "hotspots": [
      {
        "x_m": 403.70778252312095,
        "y_m": 236.0549273563042,
        "height_m": 16.0,
        "power_dbm": 30.0,
        "type_id": 3.0
      },
      {
        "x_m": 158.27868210603089,
        "y_m": 232.79691600560972,
        "height_m": 16.0,
        "power_dbm": 34.0,
        "type_id": 3.0
      }
    ]
  },
  "groups": {
    "measured_selected": {
      "count": 6,
      "sinr_db": {
        "count": 6,
        "mean": 9.278544260576709,
        "p10": -4.644699288313795,
        "p50": 9.210469931688657,
        "p90": 23.269862138355265,
        "min": -6.312689017918821,
        "max": 25.11986269730191
      },
      "margin_db": {
        "count": 6,
        "mean": 9.278544260576709,
        "p10": -4.644699288313795,
        "p50": 9.210469931688657,
        "p90": 23.269862138355265,
        "min": -6.312689017918821,
        "max": 25.11986269730191
      },
      "rate_mbps": {
        "count": 6,
        "mean": 397.6141344206391,
        "p10": 44.586438188747714,
        "p50": 374.50799813611076,
        "p90": 773.7479669370589,
        "min": 30.303716915842887,
        "max": 834.9068961190718
      },
      "outage": {
        "-5.0": 0.16666666666666666,
        "0.0": 0.5,
        "5.0": 0.5,
        "10.0": 0.5
      },
      "tail": {
        "tail_mean_sinr_db": -6.312689017918821,
        "tail_mean_rate_mbps": 30.303716915842887,
        "tail_mean_margin_db": -6.312689017918821
      }
    },
    "measured_trajectory": {
      "count": 7451,
      "sinr_db": {
        "count": 7451,
        "mean": 14.685679045562106,
        "p10": 4.344758118126933,
        "p50": 14.999817692278043,
        "p90": 24.606418831952347,
        "min": -19.416917415642473,
        "max": 44.75403822929796
      },
      "margin_db": {
        "count": 7451,
        "mean": 14.685679045562106,
        "p10": 4.344758118126933,
        "p50": 14.999817692278043,
        "p90": 24.606418831952347,
        "min": -19.416917415642473,
        "max": 44.75403822929796
      },
      "rate_mbps": {
        "count": 7451,
        "mean": 507.06817391562356,
        "p10": 189.50765127374427,
        "p50": 502.7748968485954,
        "p90": 817.9061743615697,
        "min": 1.6406315565232137,
        "max": 1486.7017974932999
      },
      "outage": {
        "-5.0": 0.01449469869816132,
        "0.0": 0.041068312978123744,
        "5.0": 0.1132733861226681,
        "10.0": 0.2745940142262783
      },
      "tail": {
        "tail_mean_sinr_db": -3.5748245167955974,
        "tail_mean_rate_mbps": 63.6196438771539,
        "tail_mean_margin_db": -3.5748245167955974
      }
    },
    "random": {
      "count": 120,
      "sinr_db": {
        "count": 120,
        "mean": 14.311582470258939,
        "p10": 4.301054534607074,
        "p50": 15.151028009840754,
        "p90": 23.75956963339194,
        "min": -6.355573679144506,
        "max": 58.54975077973458
      },
      "margin_db": {
        "count": 120,
        "mean": 14.311582470258939,
        "p10": 4.301054534607074,
        "p50": 15.151028009840754,
        "p90": 23.75956963339194,
        "min": -6.355573679144506,
        "max": 58.54975077973458
      },
      "rate_mbps": {
        "count": 120,
        "mean": 497.2081335594629,
        "p10": 188.45175367156224,
        "p50": 507.6466259861081,
        "p90": 789.8819098112332,
        "min": 30.03489658251512,
        "max": 1944.9808221033265
      },
      "outage": {
        "-5.0": 0.03333333333333333,
        "0.0": 0.058333333333333334,
        "5.0": 0.15833333333333333,
        "10.0": 0.325
      },
      "tail": {
        "tail_mean_sinr_db": -4.19023421172144,
        "tail_mean_rate_mbps": 50.66414781944828,
        "tail_mean_margin_db": -4.19023421172144
      }
    },
    "model_worst_region": {
      "count": 25,
      "sinr_db": {
        "count": 25,
        "mean": -8.741858205083417,
        "p10": -11.600144634740959,
        "p50": -8.006754984689103,
        "p90": -6.591726721697513,
        "min": -15.934046240467232,
        "max": -6.229200458473883
      },
      "margin_db": {
        "count": 25,
        "mean": -8.741858205083417,
        "p10": -11.600144634740959,
        "p50": -8.006754984689103,
        "p90": -6.591726721697513,
        "min": -15.934046240467232,
        "max": -6.229200458473883
      },
      "rate_mbps": {
        "count": 25,
        "mean": 20.06317605328289,
        "p10": 9.652517895156597,
        "p50": 21.193796044294004,
        "p90": 28.598088250559528,
        "min": 3.6332051404473735,
        "max": 30.83326918298818
      },
      "outage": {
        "-5.0": 1.0,
        "0.0": 1.0,
        "5.0": 1.0,
        "10.0": 1.0
      },
      "tail": {
        "tail_mean_sinr_db": -15.934046240467232,
        "tail_mean_rate_mbps": 3.6332051404473735,
        "tail_mean_margin_db": -15.934046240467232
      }
    }
  }
}