{
  "dataset_id": "aerpaw",
  "family": "AERPAW 5G NSA",
  "methodology": {
    "mode": "measured_map_driven",
    "notes": "Measured-map-driven comparison. The open dataset is treated as a measured field only. No explicit serving base station, hotspot, or fictional interferer reconstruction is used for visualization or optimization.",
    "low_quantile": 0.1,
    "spacing_ref_m": 5.0,
    "shift_xy_m": [
      513.7449077583708,
      236.93890360058958
    ],
    "area_size_m": 615.7622387688107,
    "no_explicit_bs_or_interferer_reconstruction": true
  },
  "search_groups": {
    "random": {
      "best_score": 0.5965057658055484,
      "score_stats": {
        "count": 40,
        "mean": 0.22565916582895457,
        "std": 0.18296908870528317,
        "p10": 0.000894808641426951,
        "p50": 0.26679748287346494,
        "p90": 0.4669948154726254,
        "min": 6.3945551523625145e-06,
        "max": 0.5965057658055484
      },
      "num_samples": 40,
      "search_note": "",
      "gan_training": {}
    },
    "ga": {
      "best_score": 1.259904963188338,
      "score_stats": {
        "count": 40,
        "mean": 1.100759702433089,
        "std": 0.09892821005104764,
        "p10": 0.9813166171079936,
        "p50": 1.1180076609888285,
        "p90": 1.2344790486109025,
        "min": 0.8676416646916516,
        "max": 1.259904963188338
      },
      "num_samples": 40,
      "search_note": "geatpy_ga",
      "gan_training": {}
    },
    "gan": {
      "best_score": 0.9942820333752744,
      "score_stats": {
        "count": 20,
        "mean": 0.3956832219054,
        "std": 0.243479288981085,
        "p10": 0.12300215519712406,
        "p50": 0.32064272827484697,
        "p90": 0.7179786182820599,
        "min": 0.08584235382128202,
        "max": 0.9942820333752744
      },
      "num_samples": 20,
      "search_note": "",
      "gan_training": {
        "epochs": 300,
        "batch_size": 32,
        "latent_dim": 32
      }
    }
  },
  "groups": {
    "measured_poor_cloud": {
      "count": 302,
      "field_score": {
        "count": 302,
        "mean": 1.018866078446571,
        "p10": 0.8450355144677283,
        "p50": 1.0169024795335293,
        "p90": 1.2117641553579785,
        "min": 0.3065161441272813,
        "max": 1.3204437886317175
      },
      "predicted_sinr_db": {
        "count": 302,
        "mean": 18.76051505246328,
        "p10": 15.0,
        "p50": 18.0,
        "p90": 21.0,
        "min": 12.0,
        "max": 31.071636224576483
      },
      "predicted_throughput_mbps": {
        "count": 302,
        "mean": 179.44986552958363,
        "p10": 141.0,
        "p50": 167.5143063310408,
        "p90": 254.80000000000007,
        "min": 7.07,
        "max": 321.0
      },
      "nearest_poor_dist_m": {
        "count": 302,
        "mean": 0.0,
        "p10": 0.0,
        "p50": 0.0,
        "p90": 0.0,
        "min": 0.0,
        "max": 0.0
      },
      "global_confidence": {
        "count": 302,
        "mean": 1.0,
        "p10": 1.0,
        "p50": 1.0,
        "p90": 1.0,
        "min": 1.0,
        "max": 1.0
      },
      "hit_rate_15m": 1.0,
      "hit_rate_25m": 1.0,
      "hit_rate_40m": 1.0
    },
    "measured_selected": {
      "count": 5,
      "field_score": {
        "count": 5,
        "mean": 0.8470283503401932,
        "p10": 0.3465655333683273,
        "p50": 0.8724999999999999,
        "p90": 1.2735902798463496,
        "min": 0.08371781502549329,
        "max": 1.2917777476459595
      },
      "predicted_sinr_db": {
        "count": 5,
        "mean": 21.413151841789222,
        "p10": 12.8,
        "p50": 23.0,
        "p90": 29.43945552536767,
        "min": 12.0,
        "max": 31.06575920894612
      },
      "predicted_throughput_mbps": {
        "count": 5,
        "mean": 197.64145662496867,
        "p10": 62.696913249937325,
        "p50": 169.0,
        "p90": 353.6,
        "min": 7.07,
        "max": 436.0
      },
      "nearest_poor_dist_m": {
        "count": 5,
        "mean": 2.3771675916304384,
        "p10": 0.0,
        "p50": 0.0,
        "p90": 7.0870691650833715,
        "min": 0.0,
        "max": 11.663669909112466
      },
      "global_confidence": {
        "count": 5,
        "mean": 1.0,
        "p10": 1.0,
        "p50": 1.0,
        "p90": 1.0,
        "min": 1.0,
        "max": 1.0
      },
      "hit_rate_15m": 1.0,
      "hit_rate_25m": 1.0,
      "hit_rate_40m": 1.0
    },
    "random": {
      "count": 40,
      "field_score": {
        "count": 40,
        "mean": 0.22565916582895457,
        "p10": 0.000894808641426951,
        "p50": 0.26679748287346494,
        "p90": 0.4669948154726254,
        "min": 6.3945551523625145e-06,
        "max": 0.5965057658055484
      },
      "predicted_sinr_db": {
        "count": 40,
        "mean": 23.95724525025277,
        "p10": 20.94963144048841,
        "p50": 23.700140135941858,
        "p90": 28.047366175087095,
        "min": 14.969920647034927,
        "max": 33.66708091002276
      },
      "predicted_throughput_mbps": {
        "count": 40,
        "mean": 261.4304074124817,
        "p10": 217.78680755039335,
        "p50": 256.8390550998803,
        "p90": 317.2184325223721,
        "min": 151.94827151672456,
        "max": 378.66407646805635
      },
      "nearest_poor_dist_m": {
        "count": 40,
        "mean": 66.79383065606149,
        "p10": 14.088322625034941,
        "p50": 54.67108847184196,
        "p90": 127.57256724316967,
        "min": 2.4159832341402194,
        "max": 239.46172811697238
      },
      "global_confidence": {
        "count": 40,
        "mean": 0.40813333315983974,
        "p10": 0.0046042818154906195,
        "p50": 0.43054847052711104,
        "p90": 0.8104959095263932,
        "min": 2.3807713609387684e-05,
        "max": 0.9571367083838505
      },
      "hit_rate_15m": 0.125,
      "hit_rate_25m": 0.25,
      "hit_rate_40m": 0.4
    },
    "ga": {
      "count": 40,
      "field_score": {
        "count": 40,
        "mean": 1.100759702433089,
        "p10": 0.9813166171079936,
        "p50": 1.1180076609888285,
        "p90": 1.2344790486109025,
        "min": 0.8676416646916516,
        "max": 1.259904963188338
      },
      "predicted_sinr_db": {
        "count": 40,
        "mean": 17.47851080230254,
        "p10": 14.949179465320361,
        "p50": 17.49142048000248,
        "p90": 19.64999362537184,
        "min": 14.49017111121697,
        "max": 27.023255021307055
      },
      "predicted_throughput_mbps": {
        "count": 40,
        "mean": 161.607458839629,
        "p10": 143.02909645053134,
        "p50": 154.8016082654877,
        "p90": 188.23970389824854,
        "min": 37.81805222298684,
        "max": 261.1249957838062
      },
      "nearest_poor_dist_m": {
        "count": 40,
        "mean": 0.16157416726816973,
        "p10": 0.023871139331336055,
        "p50": 0.08754060136943387,
        "p90": 0.426691444843907,
        "min": 0.012408396657861816,
        "max": 0.7299509089319489
      },
      "global_confidence": {
        "count": 40,
        "mean": 0.9919914104669594,
        "p10": 0.978891876488764,
        "p50": 0.9956327021806703,
        "p90": 0.9988071550501826,
        "min": 0.9641604604767584,
        "max": 0.9993797725876955
      },
      "hit_rate_15m": 1.0,
      "hit_rate_25m": 1.0,
      "hit_rate_40m": 1.0
    },
    "gan": {
      "count": 20,
      "field_score": {
        "count": 20,
        "mean": 0.3956832219054,
        "p10": 0.12300215519712406,
        "p50": 0.32064272827484697,
        "p90": 0.7179786182820599,
        "min": 0.08584235382128202,
        "max": 0.9942820333752744
      },
      "predicted_sinr_db": {
        "count": 20,
        "mean": 18.401298620134547,
        "p10": 17.039323714930017,
        "p50": 18.86298621115369,
        "p90": 19.610683876059387,
        "min": 14.952143982567813,
        "max": 22.54444137588102
      },