{
  "avg_total_deg": {
    "count": 2,
    "mean": 0.42998645038823,
    "std": 2.2246949512833014e-05,
    "p10": 0.4299686528286198,
    "p50": 0.42998645038823,
    "p90": 0.4300042479478403,
    "min": 0.4299642034387172,
    "max": 0.4300086973377429
  },
  "avg_comm_deg": {
    "count": 2,
    "mean": 0.6142663576974716,
    "std": 3.1781356446825004e-05,
    "p10": 0.6142409326123142,
    "p50": 0.6142663576974716,
    "p90": 0.6142917827826291,
    "min": 0.6142345763410247,
    "max": 0.6142981390539184
  },
  "avg_cdi": {
    "count": 2,
    "mean": 1.827413419392262e-06,
    "std": 1.7813467020526247e-07,
    "p10": 1.6849056832280521e-06,
    "p50": 1.827413419392262e-06,
    "p90": 1.969921155556472e-06,
    "min": 1.6492787491869996e-06,
    "max": 2.0055480895975245e-06
  },
  "avg_interference_dbm": {
    "count": 2,
    "mean": -93.78020509901245,
    "std": 0.42469539753187036,
    "p10": -94.11996141703794,
    "p50": -93.78020509901245,
    "p90": -93.44044878098694,
    "min": -94.20490049654431,
    "max": -93.35550970148057
  },
  "avg_margin_db": {
    "count": 2,
    "mean": -0.4534820291487864,
    "std": 0.015057877406711384,
    "p10": -0.4655283310741555,
    "p50": -0.4534820291487864,
    "p90": -0.4414357272234173,
    "min": -0.46853990655549776,
    "max": -0.438424151742075
  },
  "gan_training": {
    "epochs": 2,
    "batch_size": 8,
    "latent_dim": 16
  }
}