{
  "open_loop": {
    "label": "开环基线 0 dB",
    "f_delta_tpc_db": 0.0,
    "avg_margin_db": {
      "count": 24,
      "mean": 0.4470317237237101,
      "std": 6.6798977491359,
      "min": -11.579033511639823,
      "max": 13.767485073501373
    },
    "avg_sinr_db": {
      "count": 24,
      "mean": 0.4470317237237101,
      "std": 6.6798977491359,
      "min": -11.579033511639823,
      "max": 13.767485073501373
    },
    "avg_total_deg": {
      "count": 24,
      "mean": 0.3528473672413514,
      "std": 0.12669538028308644,
      "min": 0.0860130167331476,
      "max": 0.570627118845025
    },
    "outage_prob": {
      "count": 24,
      "mean": 0.5,
      "std": 0.1839950180484968,
      "min": 0.0,
      "max": 0.75
    },
    "avg_interference_dbm": {
      "count": 24,
      "mean": -76.5328244520171,
      "std": 6.737824827603513,
      "min": -90.27566141910197,
      "max": -64.70429217443393
    },
    "ue_tx_power_dbm": {
      "count": 192,
      "mean": 6.193776913887529,
      "std": 8.146762110375715,
      "min": -13.916806961407886,
      "max": 23.0
    },
    "ue_pl_serv_db": {
      "count": 192,
      "mean": 102.7516411600542,
      "std": 6.491946051400147,
      "min": 91.07343761508838,
      "max": 114.71340014847806
    },
    "ue_alpha": {
      "count": 192,
      "mean": 0.7999999999999999,
      "std": 1.1102230246251565e-16,
      "min": 0.8,
      "max": 0.8
    }
  },
  "clpc_up": {
    "label": "闭环上调 +3 dB",
    "f_delta_tpc_db": 3.0,
    "avg_margin_db": {
      "count": 24,
      "mean": -2.0750949140106356,
      "std": 6.635520488851921,
      "min": -12.927586619493294,
      "max": 11.60156061417602
    },
    "avg_sinr_db": {
      "count": 24,
      "mean": -2.0750949140106356,
      "std": 6.635520488851921,
      "min": -12.927586619493294,
      "max": 11.60156061417602
    },
    "avg_total_deg": {
      "count": 24,
      "mean": 0.4028728405008772,
      "std": 0.12467766487273906,
      "min": 0.12607556868879,
      "max": 0.6024944227529848
    },
    "outage_prob": {
      "count": 24,
      "mean": 0.5677083333333334,
      "std": 0.18034676763729982,
      "min": 0.125,
      "max": 0.875
    },
    "avg_interference_dbm": {
      "count": 24,
      "mean": -73.77925861844034,
      "std": 6.438727526515071,
      "min": -87.27566141910286,
      "max": -63.289863591437374
    },
    "ue_tx_power_dbm": {
      "count": 192,
      "mean": 9.10733546862543,
      "std": 7.9856137395077775,
      "min": -10.916806961407886,
      "max": 23.0
    },
    "ue_pl_serv_db": {
      "count": 192,
      "mean": 102.7516411600542,
      "std": 6.491946051400147,
      "min": 91.07343761508838,
      "max": 114.71340014847806
    },
    "ue_alpha": {
      "count": 192,
      "mean": 0.7999999999999999,
      "std": 1.1102230246251565e-16,
      "min": 0.8,
      "max": 0.8
    }
  },
  "clpc_down": {
    "label": "闭环下调 -3 dB",
    "f_delta_tpc_db": -3.0,
    "avg_margin_db": {
      "count": 24,
      "mean": 3.0062634351033477,
      "std": 6.502115363601767,
      "min": -10.41910834785064,
      "max": 15.540129289377294
    },
    "avg_sinr_db": {
      "count": 24,
      "mean": 3.0062634351033477,
      "std": 6.502115363601767,
      "min": -10.41910834785064,
      "max": 15.540129289377294
    },
    "avg_total_deg": {
      "count": 24,
      "mean": 0.2997996377231665,
      "std": 0.12642732622302802,
      "min": 0.059062633684414785,
      "max": 0.5496514619078395
    },
    "outage_prob": {
      "count": 24,
      "mean": 0.421875,
      "std": 0.1936911873102818,
      "min": 0.0,
      "max": 0.75
    },
    "avg_interference_dbm": {
      "count": 24,
      "mean": -79.45619577320957,
      "std": 6.880853723220711,
      "min": -93.27566141910197,
      "max": -65.86520388305317
    },
    "ue_tx_power_dbm": {
      "count": 192,
      "mean": 3.2083009852360296,
      "std": 8.177916112345045,
      "min": -16.916806961407886,
      "max": 21.842685316017963
    },
    "ue_pl_serv_db": {
      "count": 192,
      "mean": 102.7516411600542,
      "std": 6.491946051400147,
      "min": 91.07343761508838,
      "max": 114.71340014847806
    },
    "ue_alpha": {
      "count": 192,
      "mean": 0.7999999999999999,
      "std": 1.1102230246251565e-16,
      "min": 0.8,
      "max": 0.8
    }
  }
}