{
  "out_dir": "output\\run_20260325_mainline_final\\compare\\kpi",
  "bler_a_csv": "output\\run_20260325_mainline_final\\compare\\kpi\\BLER_A.csv",
  "bler_b_csv": "",
  "groups": {
    "ga": {
      "kpis": {
        "count_links": 96,
        "outage": {
          "-5.0": 0.2604166666666667,
          "0.0": 0.6875,
          "5.0": 0.8541666666666666,
          "10.0": 0.8645833333333334
        },
        "sinr_db": {
          "count": 96,
          "mean": 0.3589718847698367,
          "p10": -6.785701093337742,
          "p50": -2.422229119163603,
          "p90": 17.475462699478385,
          "min": -10.539519644485807,
          "max": 28.019628203025604
        },
        "rate_bps": {
          "count": 96,
          "mean": 31121770.364967275,
          "p10": 5492043.96181918,
          "p50": 13061791.74683311,
          "p90": 116617771.78190175,
          "min": 2441996.8839349,
          "max": 186203868.53305098
        },
        "ee_bpj": {
          "count": 96,
          "mean": 221020.76802329216,
          "p10": 40777.4161280705,
          "p50": 97062.08869503149,
          "p90": 853401.3584631153,
          "min": 19345.373752181084,
          "max": 1451856.9797548088
        },
        "tail": {
          "tail_pct": 5.0,
          "tail_mean_sinr_db": -9.13494036191332,
          "tail_mean_rate_bps": 3405982.0722465618,
          "tail_mean_ee_bpj": 24059.344153369566
        }
      },
      "throughput_A": {
        "count_links": 96,
        "throughput_bps": {
          "count": 96,
          "mean": 19004726.752999943,
          "p10": 0.0,
          "p50": 0.0,
          "p90": 116617771.78190175,
          "min": 0.0,
          "max": 186203868.53305098
        },
        "tail": {
          "tail_pct": 5.0,
          "tail_mean_throughput_bps": 0.0
        }
      }
    },
    "gan": {
      "kpis": {
        "count_links": 288,
        "outage": {
          "-5.0": 0.0,
          "0.0": 0.20833333333333334,
          "5.0": 0.7430555555555556,
          "10.0": 0.7534722222222222
        },
        "sinr_db": {
          "count": 288,
          "mean": 5.716269489996423,
          "p10": -0.5857511921412482,
          "p50": 1.5544194532191757,
          "p90": 20.023060619256125,
          "min": -2.035677347359836,
          "max": 21.45686672794882
        },
        "rate_bps": {
          "count": 288,
          "mean": 50925988.73337417,
          "p10": 18119738.38510262,
          "p50": 25623309.75930054,
          "p90": 133315928.45525448,
          "min": 14022911.637665996,
          "max": 142761911.60588595
        },
        "ee_bpj": {
          "count": 288,
          "mean": 401600.9332007817,
          "p10": 143378.30754312515,
          "p50": 201165.4969686205,
          "p90": 1053778.8386156356,
          "min": 110517.00613701926,
          "max": 1126705.2743507223
        },
        "tail": {
          "tail_pct": 5.0,
          "tail_mean_sinr_db": -1.3606196693847485,
          "tail_mean_rate_bps": 15855078.291144859,
          "tail_mean_ee_bpj": 124828.5540956341
        }
      },
      "throughput_A": {
        "count_links": 288,
        "throughput_bps": {
          "count": 288,
          "mean": 32646313.12486199,
          "p10": 0.0,
          "p50": 0.0,
          "p90": 133315928.45525448,
          "min": 0.0,
          "max": 142761911.60588595
        },
        "tail": {
          "tail_pct": 5.0,
          "tail_mean_throughput_bps": 0.0
        }
      }
    },
    "random": {
      "kpis": {
        "count_links": 720,
        "outage": {
          "-5.0": 0.1736111111111111,
          "0.0": 0.55,
          "5.0": 0.7041666666666667,
          "10.0": 0.7430555555555556
        },
        "sinr_db": {
          "count": 720,
          "mean": 3.4512106811840257,
          "p10": -5.560553296339526,
          "p50": -1.1015484703992515,
          "p90": 20.84926131378365,
          "min": -10.603808192423003,
          "max": 38.03877675531659
        },
        "rate_bps": {
          "count": 720,
          "mean": 45496359.75109261,
          "p10": 7076322.31606896,
          "p50": 16572167.186515499,
          "p90": 138755815.94626677,
          "min": 2407570.2344043297,
          "max": 252728694.4270153
        },
        "ee_bpj": {
          "count": 720,
          "mean": 328532.9465975536,
          "p10": 49749.636563494285,
          "p50": 116765.11820651792,
          "p90": 992858.2595198931,
          "min": 17885.631351475273,
          "max": 1950539.7685119372
        },
        "tail": {
          "tail_pct": 5.0,
          "tail_mean_sinr_db": -7.492040105346784,
          "tail_mean_rate_bps": 4849309.651633149,
          "tail_mean_ee_bpj": 34019.89219172447
        }
      },
      "throughput_A": {
        "count_links": 720,
        "throughput_bps": {
          "count": 720,
          "mean": 33454593.888966285,
          "p10": 0.0,
          "p50": 0.0,
          "p90": 138755815.94626677,
          "min": 0.0,
          "max": 252728694.4270153
        },
        "tail": {
          "tail_pct": 5.0,
          "tail_mean_throughput_bps": 0.0
        }
      }
    }
  }
}