{
  "out_dir": "output\\analysis_uav_20260325_111032\\compare\\kpi",
  "bler_a_csv": "output\\analysis_uav_20260325_111032\\compare\\kpi\\BLER_A.csv",
  "bler_b_csv": "",
  "groups": {
    "ga": {
      "kpis": {
        "count_links": 48,
        "outage": {
          "-5.0": 0.25,
          "0.0": 0.6875,
          "5.0": 0.7916666666666666,
          "10.0": 0.8125
        },
        "sinr_db": {
          "count": 48,
          "mean": 1.3895835521552893,
          "p10": -6.197159589959536,
          "p50": -2.478444873689199,
          "p90": 18.07166229846511,
          "min": -8.055357157796976,
          "max": 35.540436149797074
        },
        "rate_bps": {
          "count": 48,
          "mean": 36135210.99992935,
          "p10": 6209699.52143468,
          "p50": 12925973.371120576,
          "p90": 120520567.50486197,
          "min": 4194855.293229621,
          "max": 236133602.34564397
        },
        "ee_bpj": {
          "count": 48,
          "mean": 257503.93924774625,
          "p10": 42476.362608262636,
          "p50": 93307.6005204074,
          "p90": 830833.9163632877,
          "min": 26200.49553585594,
          "max": 1800015.396476673
        },
        "tail": {
          "tail_pct": 5.0,
          "tail_mean_sinr_db": -7.851712380158062,
          "tail_mean_rate_bps": 4385519.685460759,
          "tail_mean_ee_bpj": 29918.922054150735
        }
      },
      "throughput_A": {
        "count_links": 48,
        "throughput_bps": {
          "count": 48,
          "mean": 25166154.66256955,
          "p10": 0.0,
          "p50": 0.0,
          "p90": 120520567.50486197,
          "min": 0.0,
          "max": 236133602.34564397
        },
        "tail": {
          "tail_pct": 5.0,
          "tail_mean_throughput_bps": 0.0
        }
      }
    },
    "gan": {
      "kpis": {
        "count_links": 48,
        "outage": {
          "-5.0": 0.0,
          "0.0": 0.2916666666666667,
          "5.0": 0.75,
          "10.0": 0.75
        },
        "sinr_db": {
          "count": 48,
          "mean": 4.886559311124613,
          "p10": -1.0615607786347225,
          "p50": 0.5308416896366166,
          "p90": 18.854720764931663,
          "min": -2.5606664213752452,
          "max": 20.078457479953244
        },
        "rate_bps": {
          "count": 48,
          "mean": 47136061.44309328,
          "p10": 16688532.675559456,
          "p50": 21817971.198924307,
          "p90": 125641305.36011478,
          "min": 12729766.156153344,
          "max": 133680374.76177126
        },
        "ee_bpj": {
          "count": 48,
          "mean": 370209.99150165427,
          "p10": 132288.10043837156,
          "p50": 171417.25389905972,
          "p90": 986776.5427940006,
          "min": 99908.17659694383,
          "max": 1059334.9775538342
        },
        "tail": {
          "tail_pct": 5.0,
          "tail_mean_sinr_db": -2.3519012323098494,
          "tail_mean_rate_bps": 13239978.845073532,
          "tail_mean_ee_bpj": 104038.34941432823
        }
      },
      "throughput_A": {
        "count_links": 48,
        "throughput_bps": {
          "count": 48,
          "mean": 31208206.265743423,
          "p10": 0.0,
          "p50": 0.0,
          "p90": 125641305.36011478,
          "min": 0.0,
          "max": 133680374.76177126
        },
        "tail": {
          "tail_pct": 5.0,
          "tail_mean_throughput_bps": 0.0
        }
      }
    },
    "random": {
      "kpis": {
        "count_links": 240,
        "outage": {
          "-5.0": 0.19583333333333333,
          "0.0": 0.5625,
          "5.0": 0.7,
          "10.0": 0.75
        },
        "sinr_db": {
          "count": 240,
          "mean": 3.0243955615337152,
          "p10": -5.740191607516674,
          "p50": -1.4422985125071432,
          "p90": 19.4413646806741,
          "min": -9.430451965288782,
          "max": 28.60154280560735
        },
        "rate_bps": {
          "count": 240,
          "mean": 43403972.91677716,
          "p10": 6821367.694917146,
          "p50": 15609278.622047745,
          "p90": 129491988.11408237,
          "min": 3115324.2916224897,
          "max": 190064325.08491194
        },
        "ee_bpj": {
          "count": 240,
          "mean": 305044.20333677117,
          "p10": 45331.136453126885,
          "p50": 108494.89767940648,
          "p90": 924319.4750424781,
          "min": 22859.559900722932,
          "max": 1497657.2231286033
        },
        "tail": {
          "tail_pct": 5.0,
          "tail_mean_sinr_db": -7.637072886242186,
          "tail_mean_rate_bps": 4641640.110663272,
          "tail_mean_ee_bpj": 32660.350071566736
        }
      },
      "throughput_A": {
        "count_links": 240,
        "throughput_bps": {
          "count": 240,
          "mean": 31265138.850164875,
          "p10": 0.0,
          "p50": 0.0,
          "p90": 129491988.11408237,
          "min": 0.0,
          "max": 190064325.08491194
        },
        "tail": {
          "tail_pct": 5.0,
          "tail_mean_throughput_bps": 0.0
        }
      }
    }
  }
}