{
  "dataset_id": "aerpaw",
  "family": "AERPAW 5G NSA",
  "reference_altitude_m": 29.936,
  "station_height_m": 11.98287770083776,
  "comm_freq_hz": 3600000000.0,
  "environment_alignment": {
    "notes": "按日志中的基站距离/方位/仰角重建BS相对坐标；站高由日志反推中位数约12 m。",
    "area_size_m": 615.7622387688107,
    "station_xy_local_m": [
      0.0,
      0.0
    ],
    "station_xy_aligned_m": [
      513.7449077583708,
      236.93890360058958
    ],
    "shift_xy_m": [
      513.7449077583708,
      236.93890360058958
    ],
    "hotspots": [
      {
        "x_m": 318.2196182066838,
        "y_m": 274.3512635336535,
        "height_m": 15.98287770083776,
        "power_dbm": 30.0,
        "type_id": 3.0
      },
      {
        "x_m": 259.90824706627404,
        "y_m": 61.18875652587846,
        "height_m": 15.98287770083776,
        "power_dbm": 34.0,
        "type_id": 3.0
      }
    ]
  },
  "groups": {
    "measured_selected": {
      "count": 5,
      "sinr_db": {
        "count": 5,
        "mean": 9.895567317322397,
        "p10": -6.336186350498626,
        "p50": 8.115300930435055,
        "p90": 29.37681474444186,
        "min": -10.721453876521686,
        "max": 43.19952453388396
      },
      "margin_db": {
        "count": 5,
        "mean": 9.895567317322397,
        "p10": -6.336186350498626,
        "p50": 8.115300930435055,
        "p90": 29.37681474444186,
        "min": -10.721453876521686,
        "max": 43.19952453388396
      },
      "rate_mbps": {
        "count": 5,
        "mean": 429.34876479385713,
        "p10": 48.66557848548588,
        "p50": 290.2909019971641,
        "p90": 983.2741722416331,
        "min": 11.72886157915654,
        "max": 1435.0640481121945
      },
      "outage": {
        "-5.0": 0.2,
        "0.0": 0.2,
        "5.0": 0.4,
        "10.0": 0.8
      },
      "tail": {
        "tail_mean_sinr_db": -10.721453876521686,
        "tail_mean_rate_mbps": 11.72886157915654,
        "tail_mean_margin_db": -10.721453876521686
      }
    },
    "measured_trajectory": {
      "count": 2754,
      "sinr_db": {
        "count": 2754,
        "mean": 16.05035328794232,
        "p10": 1.3442549065911256,
        "p50": 13.086099671359705,
        "p90": 36.20426615632685,
        "min": -21.650979303427903,
        "max": 53.17601251880879
      },
      "margin_db": {
        "count": 2754,
        "mean": 16.05035328794232,
        "p10": 1.3442549065911251,
        "p50": 13.086099671359705,
        "p90": 36.20426615632685,
        "min": -21.650979303427903,
        "max": 53.17601251880879
      },
      "rate_mbps": {
        "count": 2754,
        "mean": 562.551563766816,
        "p10": 124.0484805920129,
        "p50": 441.6308432704643,
        "p90": 1202.7142587170242,
        "min": 0.9830962986170003,
        "max": 1766.469593943221
      },
      "outage": {
        "-5.0": 0.02214960058097313,
        "0.0": 0.07407407407407407,
        "5.0": 0.19571532316630355,
        "10.0": 0.3841684822076979
      },
      "tail": {
        "tail_mean_sinr_db": -6.247085656034891,
        "tail_mean_rate_mbps": 40.56985266357108,
        "tail_mean_margin_db": -6.247085656034891
      }
    },
    "random": {
      "count": 120,
      "sinr_db": {
        "count": 120,
        "mean": 14.906129955243076,
        "p10": 2.9311989657349593,
        "p50": 14.884429344672803,
        "p90": 28.269797718116738,
        "min": -11.425384699537538,
        "max": 36.727940127830564
      },
      "margin_db": {
        "count": 120,
        "mean": 14.906129955243076,
        "p10": 2.9311989657349593,
        "p50": 14.884429344672803,
        "p90": 28.269797718116738,
        "min": -11.425384699537538,
        "max": 36.727940127830564
      },
      "rate_mbps": {
        "count": 120,
        "mean": 515.7772232185811,
        "p10": 156.75208404385432,
        "p50": 499.08058347559154,
        "p90": 939.3171254463273,
        "min": 10.03336990655614,
        "max": 1220.106405000063
      },
      "outage": {
        "-5.0": 0.008333333333333333,
        "0.0": 0.03333333333333333,
        "5.0": 0.15,
        "10.0": 0.325
      },
      "tail": {
        "tail_mean_sinr_db": -2.3614682374266174,
        "tail_mean_rate_mbps": 78.07158634190516,
        "tail_mean_margin_db": -2.3614682374266174
      }
    },
    "model_worst_region": {
      "count": 25,
      "sinr_db": {
        "count": 25,
        "mean": -10.720992633659202,
        "p10": -14.556059559814434,
        "p50": -9.596726982446583,
        "p90": -8.202995658964584,
        "min": -19.152778127098806,
        "max": -8.0442640144814
      },
      "margin_db": {
        "count": 25,
        "mean": -10.720992633659202,
        "p10": -14.556059559814434,
        "p50": -9.596726982446583,
        "p90": -8.202995658964584,
        "min": -19.152778127098806,
        "max": -8.0442640144814
      },
      "rate_mbps": {
        "count": 25,
        "mean": 13.322813865076713,
        "p10": 4.981840931933931,
        "p50": 15.020933957437459,
        "p90": 20.32577981878252,
        "min": 1.7428931765596092,
        "max": 21.02419363119053
      },
      "outage": {
        "-5.0": 1.0,
        "0.0": 1.0,
        "5.0": 1.0,
        "10.0": 1.0
      },
      "tail": {
        "tail_mean_sinr_db": -19.152778127098806,
        "tail_mean_rate_mbps": 1.7428931765596092,
        "tail_mean_margin_db": -19.152778127098806
      }
    }
  }
}