{
  "out_dir": "output\\run_20260324_wifi_clpc_final\\compare\\kpi",
  "bler_a_csv": "output\\run_20260324_wifi_clpc_final\\compare\\kpi\\BLER_A.csv",
  "bler_b_csv": "",
  "groups": {
    "ga": {
      "kpis": {
        "count_links": 192,
        "outage": {
          "-5.0": 0.3020833333333333,
          "0.0": 0.7552083333333334,
          "5.0": 0.9010416666666666,
          "10.0": 0.9166666666666666
        },
        "sinr_db": {
          "count": 192,
          "mean": -1.5921689014797227,
          "p10": -7.2477436912334126,
          "p50": -2.8540467590343894,
          "p90": 3.9541722844987617,
          "min": -23.324259139874442,
          "max": 29.111986965132985
        },
        "rate_bps": {
          "count": 192,
          "mean": 22530711.51189105,
          "p10": 4981986.884545546,
          "p50": 12049469.358239718,
          "p90": 36028362.161177255,
          "min": 133896.91048668712,
          "max": 193451233.30680048
        },
        "ee_bpj": {
          "count": 192,
          "mean": 159400.64033140856,
          "p10": 37559.15301098664,
          "p50": 83712.50500646245,
          "p90": 272333.5943056432,
          "min": 926.674243517309,
          "max": 1379383.3629085354
        },
        "tail": {
          "tail_pct": 5.0,
          "tail_mean_sinr_db": -15.741494977756872,
          "tail_mean_rate_bps": 1388217.2384735995,
          "tail_mean_ee_bpj": 9011.26033030328
        }
      },
      "throughput_A": {
        "count_links": 192,
        "throughput_bps": {
          "count": 192,
          "mean": 9972109.188990196,
          "p10": 0.0,
          "p50": 0.0,
          "p90": 0.0,
          "min": 0.0,
          "max": 193451233.30680048
        },
        "tail": {
          "tail_pct": 5.0,
          "tail_mean_throughput_bps": 0.0
        }
      }
    },
    "gan": {
      "kpis": {
        "count_links": 288,
        "outage": {
          "-5.0": 0.0,
          "0.0": 0.3958333333333333,
          "5.0": 0.7604166666666666,
          "10.0": 0.7673611111111112
        },
        "sinr_db": {
          "count": 288,
          "mean": 4.532259177764266,
          "p10": -2.245931395176153,
          "p50": 1.1310750629228608,
          "p90": 18.732931714714343,
          "min": -4.568908481864014,
          "max": 23.11566573353798
        },
        "rate_bps": {
          "count": 288,
          "mean": 45883578.271477446,
          "p10": 13493283.467047675,
          "p50": 24001354.489989407,
          "p90": 124842629.55860506,
          "min": 8642684.903341059,
          "max": 153717627.8345705
        },
        "ee_bpj": {
          "count": 288,
          "mean": 350206.7185816905,
          "p10": 102653.99068569293,
          "p50": 183117.9244603168,
          "p90": 969354.850128169,
          "min": 68474.79835423439,
          "max": 1120015.0044641562
        },
        "tail": {
          "tail_pct": 5.0,
          "tail_mean_sinr_db": -3.5159504396051924,
          "tail_mean_rate_bps": 10656950.099612271,
          "tail_mean_ee_bpj": 80583.51184646801
        }
      },
      "throughput_A": {
        "count_links": 288,
        "throughput_bps": {
          "count": 288,
          "mean": 29510815.465727832,
          "p10": 0.0,
          "p50": 0.0,
          "p90": 124842629.55860506,
          "min": 0.0,
          "max": 153717627.8345705
        },
        "tail": {
          "tail_pct": 5.0,
          "tail_mean_throughput_bps": 0.0
        }
      }
    },
    "random": {
      "kpis": {
        "count_links": 480,
        "outage": {
          "-5.0": 0.16041666666666668,
          "0.0": 0.5354166666666667,
          "5.0": 0.6708333333333333,
          "10.0": 0.70625
        },
        "sinr_db": {
          "count": 480,
          "mean": 3.8916869157450322,
          "p10": -5.679958401208148,
          "p50": -0.982134410334453,
          "p90": 20.43008930432769,
          "min": -14.008840635728546,
          "max": 33.29381833753763
        },
        "rate_bps": {
          "count": 480,
          "mean": 47960078.38720616,
          "p10": 6905623.666042365,
          "p50": 16921482.996437624,
          "p90": 135994744.97924718,
          "min": 1124172.0048379826,
          "max": 221212853.08577356
        },
        "ee_bpj": {
          "count": 480,
          "mean": 342702.9257465507,
          "p10": 48990.029012722196,
          "p50": 125123.40144119077,
          "p90": 980635.3535852865,
          "min": 7281.747813831828,
          "max": 1630690.949329333
        },
        "tail": {
          "tail_pct": 5.0,
          "tail_mean_sinr_db": -8.701836624990483,
          "tail_mean_rate_bps": 3966245.826142253,
          "tail_mean_ee_bpj": 27726.94460918648
        }
      },
      "throughput_A": {
        "count_links": 480,
        "throughput_bps": {
          "count": 480,
          "mean": 36581818.272870444,
          "p10": 0.0,
          "p50": 0.0,
          "p90": 135994744.97924718,
          "min": 0.0,
          "max": 221212853.08577356
        },
        "tail": {
          "tail_pct": 5.0,
          "tail_mean_throughput_bps": 0.0
        }
      }
    }
  }
}