{
  "out_dir": "output\\run_20260326_paper_final\\compare\\kpi",
  "bler_a_csv": "output\\run_20260326_paper_final\\compare\\kpi\\BLER_A.csv",
  "bler_b_csv": "",
  "groups": {
    "ga": {
      "kpis": {
        "count_links": 96,
        "outage": {
          "-5.0": 0.2604166666666667,
          "0.0": 0.6875,
          "5.0": 0.8541666666666666,
          "10.0": 0.8645833333333334
        },
        "sinr_db": {
          "count": 96,
          "mean": 0.3589718847698367,
          "p10": -6.785701093337742,
          "p50": -2.422229119163603,
          "p90": 17.475462699478385,
          "min": -10.539519644485807,
          "max": 28.019628203025604
        },
        "rate_bps": {
          "count": 96,
          "mean": 31121770.364967275,
          "p10": 5492043.96181918,
          "p50": 13061791.74683311,
          "p90": 116617771.78190175,
          "min": 2441996.8839349,
          "max": 186203868.53305098
        },
        "ee_bpj": {
          "count": 96,
          "mean": 221020.76802329216,
          "p10": 40777.4161280705,
          "p50": 97062.08869503149,
          "p90": 853401.3584631153,
          "min": 19345.373752181084,
          "max": 1451856.9797548088
        },
        "tail": {
          "tail_pct": 5.0,
          "tail_mean_sinr_db": -9.13494036191332,
          "tail_mean_rate_bps": 3405982.0722465618,
          "tail_mean_ee_bpj": 24059.344153369566
        }
      },
      "throughput_A": {
        "count_links": 96,
        "throughput_bps": {
          "count": 96,
          "mean": 19004726.752999943,
          "p10": 0.0,
          "p50": 0.0,
          "p90": 116617771.78190175,
          "min": 0.0,
          "max": 186203868.53305098
        },
        "tail": {
          "tail_pct": 5.0,
          "tail_mean_throughput_bps": 0.0
        }
      }
    },
    "gan": {
      "kpis": {
        "count_links": 288,
        "outage": {
          "-5.0": 0.0,
          "0.0": 0.14583333333333334,
          "5.0": 0.75,
          "10.0": 0.75
        },
        "sinr_db": {
          "count": 288,
          "mean": 5.6339113027061005,
          "p10": -0.2674077099895809,
          "p50": 1.6491166778904542,
          "p90": 19.60702597006115,
          "min": -2.972381315592444,
          "max": 22.623135845740862
        },
        "rate_bps": {
          "count": 288,
          "mean": 50246528.113346465,
          "p10": 19125368.314544003,
          "p50": 25995214.35916593,
          "p90": 130580429.33889021,
          "min": 11783469.982399715,
          "max": 150462153.13436118
        },
        "ee_bpj": {
          "count": 288,
          "mean": 392165.40078780777,
          "p10": 149090.06620500758,
          "p50": 205306.95675824903,
          "p90": 1015330.9744245404,
          "min": 85422.04256709015,
          "max": 1118878.0777339588
        },
        "tail": {
          "tail_pct": 5.0,
          "tail_mean_sinr_db": -1.3349291336341753,
          "tail_mean_rate_bps": 15968135.287534649,
          "tail_mean_ee_bpj": 123492.92890149711
        }
      },
      "throughput_A": {
        "count_links": 288,
        "throughput_bps": {
          "count": 288,
          "mean": 32157383.14608766,
          "p10": 0.0,
          "p50": 0.0,
          "p90": 130580429.33889021,
          "min": 0.0,
          "max": 150462153.13436118
        },
        "tail": {
          "tail_pct": 5.0,
          "tail_mean_throughput_bps": 0.0
        }
      }
    },
    "random": {
      "kpis": {
        "count_links": 720,
        "outage": {
          "-5.0": 0.1638888888888889,
          "0.0": 0.5527777777777778,
          "5.0": 0.7013888888888888,
          "10.0": 0.7263888888888889
        },
        "sinr_db": {
          "count": 720,
          "mean": 3.6445827701212994,
          "p10": -5.67953464921261,
          "p50": -0.8289524328294462,
          "p90": 21.14203753523494,
          "min": -8.241100972844691,
          "max": 34.73194755793871
        },
        "rate_bps": {
          "count": 720,
          "mean": 46513588.03508641,
          "p10": 6906220.482796686,
          "p50": 17377488.798067562,
          "p90": 140685630.1210758,
          "min": 4030932.6413183603,
          "max": 230763768.4520649
        },
        "ee_bpj": {
          "count": 720,
          "mean": 330318.3682712469,
          "p10": 48074.46887544277,
          "p50": 121594.72427342457,
          "p90": 993906.6538493219,
          "min": 26328.204366420094,
          "max": 1694417.8952758356
        },
        "tail": {
          "tail_pct": 5.0,
          "tail_mean_sinr_db": -7.194510216123749,
          "tail_mean_rate_bps": 5057779.235610188,
          "tail_mean_ee_bpj": 34333.42265655266
        }
      },
      "throughput_A": {
        "count_links": 720,
        "throughput_bps": {
          "count": 720,
          "mean": 35115783.38942638,
          "p10": 0.0,
          "p50": 0.0,
          "p90": 140685630.1210758,
          "min": 0.0,
          "max": 230763768.4520649
        },
        "tail": {
          "tail_pct": 5.0,
          "tail_mean_throughput_bps": 0.0
        }
      }
    }
  }
}