{
  "dataset_id": "dryad",
  "family": "Dryad Ericsson 5G NSA",
  "methodology": {
    "mode": "measured_map_driven",
    "notes": "Measured-map-driven comparison. The open dataset is treated as a measured field only. No explicit serving base station, hotspot, or fictional interferer reconstruction is used for visualization or optimization.",
    "low_quantile": 0.1,
    "spacing_ref_m": 5.0,
    "shift_xy_m": [
      321.1070634554804,
      299.2514558456453
    ],
    "area_size_m": 614.0168200960219,
    "no_explicit_bs_or_interferer_reconstruction": true
  },
  "search_groups": {
    "random": {
      "best_score": 0.6055837347056332,
      "score_stats": {
        "count": 40,
        "mean": 0.1665973076017798,
        "std": 0.18505675554231743,
        "p10": 0.001725829579887237,
        "p50": 0.10423305362230947,
        "p90": 0.451939969935303,
        "min": 0.00015957743501540794,
        "max": 0.6055837347056332
      },
      "num_samples": 40,
      "search_note": "",
      "gan_training": {}
    },
    "ga": {
      "best_score": 1.3717567071896504,
      "score_stats": {
        "count": 40,
        "mean": 1.2331198182977658,
        "std": 0.10038013527121917,
        "p10": 1.174410960866356,
        "p50": 1.247435549436863,
        "p90": 1.3466023912038592,
        "min": 0.7794752879902411,
        "max": 1.3717567071896504
      },
      "num_samples": 40,
      "search_note": "geatpy_ga",
      "gan_training": {}
    },
    "gan": {
      "best_score": 0.9660679433934272,
      "score_stats": {
        "count": 20,
        "mean": 0.433563101288999,
        "std": 0.191160995502239,
        "p10": 0.2376295023667848,
        "p50": 0.3837997430990012,
        "p90": 0.7085584257473658,
        "min": 0.1800628029133453,
        "max": 0.9660679433934272
      },
      "num_samples": 20,
      "search_note": "",
      "gan_training": {
        "epochs": 300,
        "batch_size": 32,
        "latent_dim": 32
      }
    }
  },
  "groups": {
    "measured_poor_cloud": {
      "count": 919,
      "field_score": {
        "count": 919,
        "mean": 0.9043453856234341,
        "p10": 0.6746795418535749,
        "p50": 0.8269645108584525,
        "p90": 1.281829220279158,
        "min": 0.575,
        "max": 1.4249999999999998
      },
      "predicted_sinr_db": {
        "count": 919,
        "mean": 16.87439063707133,
        "p10": 15.0,
        "p50": 16.713518532258075,
        "p90": 21.578978357125624,
        "min": 13.0,
        "max": 23.28229105573154
      },
      "predicted_throughput_mbps": {
        "count": 919,
        "mean": 284.9250979952575,
        "p10": 231.9944988432806,
        "p50": 302.2610658624275,
        "p90": 317.7809468961261,
        "min": 28.6,
        "max": 329.16546360958085
      },
      "nearest_poor_dist_m": {
        "count": 919,
        "mean": 0.0,
        "p10": 0.0,
        "p50": 0.0,
        "p90": 0.0,
        "min": 0.0,
        "max": 0.0
      },
      "global_confidence": {
        "count": 919,
        "mean": 1.0,
        "p10": 1.0,
        "p50": 1.0,
        "p90": 1.0,
        "min": 1.0,
        "max": 1.0
      },
      "hit_rate_15m": 1.0,
      "hit_rate_25m": 1.0,
      "hit_rate_40m": 1.0
    },
    "measured_selected": {
      "count": 6,
      "field_score": {
        "count": 6,
        "mean": 0.9274357613768434,
        "p10": 0.31780257131444795,
        "p50": 1.1197745928369802,
        "p90": 1.3447301199791024,
        "min": 0.15236045639172888,
        "max": 1.4249999999999998
      },
      "predicted_sinr_db": {
        "count": 6,
        "mean": 16.47989736954423,
        "p10": 13.0,
        "p50": 16.439692108632684,
        "p90": 20.0,
        "min": 13.0,
        "max": 22.0
      },
      "predicted_throughput_mbps": {
        "count": 6,
        "mean": 204.1507146563283,
        "p10": 64.8,
        "p50": 231.06978849436348,
        "p90": 316.5823554746214,
        "min": 28.6,
        "max": 318.76562692865764
      },
      "nearest_poor_dist_m": {
        "count": 6,
        "mean": 24.453879103501254,
        "p10": 0.0,
        "p50": 0.0,
        "p90": 73.36163731050377,
        "min": 0.0,
        "max": 86.44433569270147
      },
      "global_confidence": {
        "count": 6,
        "mean": 1.0,
        "p10": 1.0,
        "p50": 1.0,
        "p90": 1.0,
        "min": 1.0,
        "max": 1.0
      },
      "hit_rate_15m": 0.6666666666666666,
      "hit_rate_25m": 0.6666666666666666,
      "hit_rate_40m": 0.6666666666666666
    },
    "random": {
      "count": 40,
      "field_score": {
        "count": 40,
        "mean": 0.1665973076017798,
        "p10": 0.001725829579887237,
        "p50": 0.10423305362230947,
        "p90": 0.451939969935303,
        "min": 0.00015957743501540794,
        "max": 0.6055837347056332
      },
      "predicted_sinr_db": {
        "count": 40,
        "mean": 19.946884499266936,
        "p10": 16.279877703760047,
        "p50": 20.72170908132475,
        "p90": 22.48076685350641,
        "min": 14.000191794206188,
        "max": 23.500283598089705
      },
      "predicted_throughput_mbps": {
        "count": 40,
        "mean": 307.4790395541851,
        "p10": 297.33300596753855,
        "p50": 312.02112311968364,
        "p90": 316.66601782947123,
        "min": 236.14898036469856,
        "max": 322.05580852536536
      },
      "nearest_poor_dist_m": {
        "count": 40,
        "mean": 65.99288180553778,
        "p10": 8.509748741126094,
        "p50": 42.939147007361505,
        "p90": 148.36966891987075,
        "min": 5.627491239225917,
        "max": 184.99176815191962
      },
      "global_confidence": {
        "count": 40,
        "mean": 0.34279173586653805,
        "p10": 0.004059965270330262,
        "p50": 0.31250511950023097,
        "p90": 0.798177938949621,
        "min": 0.0008303716917376217,
        "max": 0.9504424274956261
      },
      "hit_rate_15m": 0.175,
      "hit_rate_25m": 0.325,
      "hit_rate_40m": 0.45
    },
    "ga": {
      "count": 40,
      "field_score": {
        "count": 40,
        "mean": 1.2331198182977658,
        "p10": 1.174410960866356,
        "p50": 1.247435549436863,
        "p90": 1.3466023912038592,
        "min": 0.7794752879902411,
        "max": 1.3717567071896504
      },
      "predicted_sinr_db": {
        "count": 40,
        "mean": 16.246347190645775,
        "p10": 14.893303768433169,
        "p50": 16.33893023581855,
        "p90": 17.420128366021313,
        "min": 14.70083045734579,
        "max": 18.897866506523094
      },
      "predicted_throughput_mbps": {
        "count": 40,
        "mean": 233.2992775805138,
        "p10": 184.57484301289685,
        "p50": 244.9303137657169,
        "p90": 263.85334126343486,
        "min": 131.03081699376108,
        "max": 299.5586862321976
      },
      "nearest_poor_dist_m": {
        "count": 40,
        "mean": 0.2994272216821952,
        "p10": 0.03803365906052727,
        "p50": 0.1737436327301509,
        "p90": 0.6602714899357583,
        "min": 0.005563328438520946,
        "max": 1.4208567234629
      },
      "global_confidence": {
        "count": 40,
        "mean": 0.9906905513544366,
        "p10": 0.9754877738443379,
        "p50": 0.9939523336117132,
        "p90": 0.998677267732058,
        "min": 0.9729866035346201,
        "max": 0.9997218722627661
      },
      "hit_rate_15m": 1.0,
      "hit_rate_25m": 1.0,
      "hit_rate_40m": 1.0
    },
    "gan": {
      "count": 20,
      "field_score": {
        "count": 20,
        "mean": 0.433563101288999,
        "p10": 0.2376295023667848,
        "p50": 0.3837997430990012,
        "p90": 0.7085584257473658,
        "min": 0.1800628029133453,
        "max": 0.9660679433934272
      },
      "predicted_sinr_db": {
        "count": 20,
        "mean": 17.90487100348394,
        "p10": 16.718227861187092,
        "p50": 17.97562116392803,
        "p90": 19.099400364332602,