{
  "ga_summary": {
    "avg_total_deg": {
      "count": 3,
      "mean": 0.39810381369156156,
      "std": 0.01362868641376782,
      "p10": 0.384586892132402,
      "p50": 0.39899282895634175,
      "p90": 0.411265129144809,
      "min": 0.38098540792641705,
      "max": 0.4143332041919258
    },
    "avg_comm_deg": {
      "count": 3,
      "mean": 0.5687197338450879,
      "std": 0.019469552019668254,
      "p10": 0.5494098459034314,
      "p50": 0.5699897556519168,
      "p90": 0.5875216130640127,
      "min": 0.5442648684663101,
      "max": 0.5919045774170367
    },
    "avg_cdi": {
      "count": 3,
      "mean": 0.0,
      "std": 0.0,
      "p10": 0.0,
      "p50": 0.0,
      "p90": 0.0,
      "min": 0.0,
      "max": 0.0
    },
    "avg_interference_dbm": {
      "count": 3,
      "mean": -113.27005938433024,
      "std": 0.6217922631440028,
      "p10": -113.89430598399274,
      "p50": -112.88155984977413,
      "p90": -112.80121259849018,
      "min": -114.14749251754739,
      "max": -112.78112578566919
    },
    "avg_margin_db": {
      "count": 3,
      "mean": 0.31330026740890643,
      "std": 1.3074008673285797,
      "p10": -0.9890805223332608,
      "p50": 0.43391744132416105,
      "p90": 1.5674341875849718,
      "min": -1.3448300132476163,
      "max": 1.8508133741501744
    }
  },
  "gan_summary": {
    "avg_total_deg": {
      "count": 10,
      "mean": 0.2197504246044494,
      "std": 0.006579423233842125,
      "p10": 0.21079878163515503,
      "p50": 0.21892255515215547,
      "p90": 0.2275896266927593,
      "min": 0.2094982745758022,
      "max": 0.22973346517121598
    },
    "avg_comm_deg": {
      "count": 10,
      "mean": 0.31392917800635634,
      "std": 0.009399176048345897,
      "p10": 0.30114111662165005,
      "p50": 0.31274650736022214,
      "p90": 0.3251280381325133,
      "min": 0.29928324939400314,
      "max": 0.3281906645303086
    },
    "avg_cdi": {
      "count": 10,
      "mean": 0.0,
      "std": 0.0,
      "p10": 0.0,
      "p50": 0.0,
      "p90": 0.0,
      "min": 0.0,
      "max": 0.0
    },
    "avg_interference_dbm": {
      "count": 10,
      "mean": -110.69190447265984,
      "std": 3.175068399572036,
      "p10": -114.04381013125229,
      "p50": -109.73264049352322,
      "p90": -106.74658331418046,
      "min": -116.00302000423736,
      "max": -105.81328918843823
    },
    "avg_margin_db": {
      "count": 10,
      "mean": 5.829339237306527,
      "std": 0.2946771931780116,
      "p10": 5.5524961452949775,
      "p50": 5.700671432173449,
      "p90": 6.276028113099952,
      "min": 5.522534319997198,
      "max": 6.3388059177555744
    }
  },
  "random_summary": {
    "avg_total_deg": {
      "count": 24,
      "mean": 0.3305045634697944,
      "std": 0.04532710427414073,
      "p10": 0.2807814419216293,
      "p50": 0.32308392769653915,
      "p90": 0.3868405860433063,
      "min": 0.24656295176764706,
      "max": 0.45994784327398913
    },
    "avg_comm_deg": {
      "count": 24,
      "mean": 0.4721493763854207,
      "std": 0.06475300610591532,
      "p10": 0.4011163456023276,
      "p50": 0.46154846813791317,
      "p90": 0.5526294086332947,
      "min": 0.35223278823949583,
      "max": 0.6570683475342701
    },
    "avg_cdi": {
      "count": 24,
      "mean": 0.0,
      "std": 0.0,
      "p10": 0.0,
      "p50": 0.0,
      "p90": 0.0,
      "min": 0.0,
      "max": 0.0
    },
    "avg_interference_dbm": {
      "count": 24,
      "mean": -110.35925826123196,
      "std": 4.859587817247762,
      "p10": -116.84300368740188,
      "p50": -110.47728937760183,
      "p90": -103.22528377583829,
      "min": -120.2316913201224,
      "max": -102.21641471554713
    },
    "avg_margin_db": {
      "count": 24,
      "mean": 3.630928121019171,
      "std": 1.918375984131036,
      "p10": 0.7732500938229707,
      "p50": 3.5706929757413532,
      "p90": 5.781672123053601,
      "min": -0.7761911563271534,
      "max": 6.89189035558081
    }
  },
  "comparison": {
    "ga_vs_random": {
      "avg_total_deg": {
        "mean_diff": 0.06759925022176716,
        "mean_ratio": 1.2045334851418632,
        "p90_diff": 0.024424543101502716
      },
      "avg_comm_deg": {
        "mean_diff": 0.09657035745966719,
        "mean_ratio": 1.2045334851418628,
        "p90_diff": 0.034892204430718055
      },
      "avg_cdi": {
        "mean_diff": 0.0,
        "mean_ratio": 0.0,
        "p90_diff": 0.0
      },
      "avg_interference_dbm": {
        "mean_diff": -2.910801123098281,
        "mean_ratio": -113270059384.33023,
        "p90_diff": -9.575928822651889
      },
      "avg_margin_db": {
        "mean_diff": -3.3176278536102646,
        "mean_ratio": 0.08628655180344515,
        "p90_diff": -4.214237935468629
      }
    },
    "gan_vs_random": {
      "avg_total_deg": {
        "mean_diff": -0.11075413886534499,
        "mean_ratio": 0.6648937681749527,
        "p90_diff": -0.15925095935054698
      },
      "avg_comm_deg": {
        "mean_diff": -0.15822019837906437,
        "mean_ratio": 0.6648937681749526,
        "p90_diff": -0.2275013705007814
      },
      "avg_cdi": {
        "mean_diff": 0.0,
        "mean_ratio": 0.0,
        "p90_diff": 0.0
      },
      "avg_interference_dbm": {
        "mean_diff": -0.3326462114278854,
        "mean_ratio": -110691904472.65984,
        "p90_diff": -3.521299538342163
      },
      "avg_margin_db": {
        "mean_diff": 2.1984111162873563,
        "mean_ratio": 1.6054680905306054,
        "p90_diff": 0.4943559900463512
      }
    },
    "ga_vs_gan": {
      "avg_total_deg": {
        "mean_diff": 0.17835338908711215,
        "mean_ratio": 1.8116179498089622,
        "p90_diff": 0.1836755024520497
      },
      "avg_comm_deg": {
        "mean_diff": 0.25479055583873156,
        "mean_ratio": 1.8116179498089617,
        "p90_diff": 0.26239357493149945
      },
      "avg_cdi": {
        "mean_diff": 0.0,
        "mean_ratio": 0.0,
        "p90_diff": 0.0
      },
      "avg_interference_dbm": {
        "mean_diff": -2.5781549116703957,
        "mean_ratio": -113270059384.33023,
        "p90_diff": -6.054629284309726
      },
      "avg_margin_db": {
        "mean_diff": -5.516038969897621,
        "mean_ratio": 0.053745416873983175,
        "p90_diff": -4.70859392551498
      }
    }
  }
}