{
  "dataset_id": "dryad",
  "family": "Dryad Ericsson 5G NSA",
  "methodology": {
    "mode": "measured_map_driven",
    "notes": "Measured-map-driven comparison. The open dataset is treated as a measured field only. No explicit serving base station, hotspot, or fictional interferer reconstruction is used for visualization or optimization.",
    "low_quantile": 0.1,
    "spacing_ref_m": 5.0,
    "shift_xy_m": [
      321.1070634554804,
      299.2514558456453
    ],
    "area_size_m": 614.0168200960219,
    "no_explicit_bs_or_interferer_reconstruction": true
  },
  "search_groups": {
    "random": {
      "best_score": 0.6512167303619724,
      "score_stats": {
        "count": 60,
        "mean": 0.1267013026883062,
        "std": 0.17811335217785404,
        "p10": 0.0013094074155709126,
        "p50": 0.0378591452007105,
        "p90": 0.42728125925130594,
        "min": 1.044294495168782e-05,
        "max": 0.6512167303619724
      },
      "num_samples": 60,
      "search_note": "",
      "gan_training": {}
    },
    "ga": {
      "best_score": 1.3717567071896504,
      "score_stats": {
        "count": 40,
        "mean": 1.2352880818937506,
        "std": 0.0987628815746114,
        "p10": 1.1762668589876422,
        "p50": 1.247435549436863,
        "p90": 1.3466023912038592,
        "min": 0.7794752879902411,
        "max": 1.3717567071896504
      },
      "num_samples": 40,
      "search_note": "geatpy_ga",
      "gan_training": {}
    },
    "gan": {
      "best_score": 1.2023794996856432,
      "score_stats": {
        "count": 20,
        "mean": 0.5430215597761034,
        "std": 0.1982392627696437,
        "p10": 0.33662460617446854,
        "p50": 0.5277136645614802,
        "p90": 0.6814935638258471,
        "min": 0.273516982226829,
        "max": 1.2023794996856432
      },
      "num_samples": 20,
      "search_note": "",
      "gan_training": {
        "epochs": 300,
        "batch_size": 32,
        "latent_dim": 32
      }
    }
  },
  "groups": {
    "measured_poor_cloud": {
      "count": 919,
      "field_score": {
        "count": 919,
        "mean": 0.9043453856234341,
        "p10": 0.6746795418535749,
        "p50": 0.8269645108584525,
        "p90": 1.281829220279158,
        "min": 0.575,
        "max": 1.4249999999999998
      },
      "predicted_sinr_db": {
        "count": 919,
        "mean": 16.87439063707133,
        "p10": 15.0,
        "p50": 16.713518532258075,
        "p90": 21.578978357125624,
        "min": 13.0,
        "max": 23.28229105573154
      },
      "predicted_throughput_mbps": {
        "count": 919,
        "mean": 284.9250979952575,
        "p10": 231.9944988432806,
        "p50": 302.2610658624275,
        "p90": 317.7809468961261,
        "min": 28.6,
        "max": 329.16546360958085
      },
      "nearest_poor_dist_m": {
        "count": 919,
        "mean": 0.0,
        "p10": 0.0,
        "p50": 0.0,
        "p90": 0.0,
        "min": 0.0,
        "max": 0.0
      },
      "global_confidence": {
        "count": 919,
        "mean": 1.0,
        "p10": 1.0,
        "p50": 1.0,
        "p90": 1.0,
        "min": 1.0,
        "max": 1.0
      },
      "hit_rate_15m": 1.0,
      "hit_rate_25m": 1.0,
      "hit_rate_40m": 1.0
    },
    "measured_selected": {
      "count": 6,
      "field_score": {
        "count": 6,
        "mean": 0.9274357613768434,
        "p10": 0.31780257131444795,
        "p50": 1.1197745928369802,
        "p90": 1.3447301199791024,
        "min": 0.15236045639172888,
        "max": 1.4249999999999998
      },
      "predicted_sinr_db": {
        "count": 6,
        "mean": 16.47989736954423,
        "p10": 13.0,
        "p50": 16.439692108632684,
        "p90": 20.0,
        "min": 13.0,
        "max": 22.0
      },
      "predicted_throughput_mbps": {
        "count": 6,
        "mean": 204.1507146563283,
        "p10": 64.8,
        "p50": 231.06978849436348,
        "p90": 316.5823554746214,
        "min": 28.6,
        "max": 318.76562692865764
      },
      "nearest_poor_dist_m": {
        "count": 6,
        "mean": 24.453879103501254,
        "p10": 0.0,
        "p50": 0.0,
        "p90": 73.36163731050377,
        "min": 0.0,
        "max": 86.44433569270147
      },
      "global_confidence": {
        "count": 6,
        "mean": 1.0,
        "p10": 1.0,
        "p50": 1.0,
        "p90": 1.0,
        "min": 1.0,
        "max": 1.0
      },
      "hit_rate_15m": 0.6666666666666666,
      "hit_rate_25m": 0.6666666666666666,
      "hit_rate_40m": 0.6666666666666666
    },
    "random": {
      "count": 60,
      "field_score": {
        "count": 60,
        "mean": 0.1267013026883062,
        "p10": 0.0013094074155709126,
        "p50": 0.0378591452007105,
        "p90": 0.42728125925130594,
        "min": 1.044294495168782e-05,
        "max": 0.6512167303619724
      },
      "predicted_sinr_db": {
        "count": 60,
        "mean": 20.638642016560595,
        "p10": 17.491378785702103,
        "p50": 20.957911137831065,
        "p90": 23.0,
        "min": 15.7500619220313,
        "max": 23.49880588856092
      },
      "predicted_throughput_mbps": {
        "count": 60,
        "mean": 301.77460920254066,
        "p10": 262.4443107661758,
        "p50": 311.95216476567384,
        "p90": 316.93849494696394,
        "min": 236.2222480093424,
        "max": 333.1698330829044
      },
      "nearest_poor_dist_m": {
        "count": 60,
        "mean": 66.7072237553726,
        "p10": 12.547919622389136,
        "p50": 59.14924179824639,
        "p90": 134.23642372862767,
        "min": 3.3907990136511086,
        "max": 204.02764796770538
      },
      "global_confidence": {
        "count": 60,
        "mean": 0.2643761805174226,
        "p10": 0.004940059251312389,
        "p50": 0.09034956780373829,
        "p90": 0.7156090327549868,
        "min": 3.92441132384346e-05,
        "max": 0.9004824821515505
      },
      "hit_rate_15m": 0.15,
      "hit_rate_25m": 0.23333333333333334,
      "hit_rate_40m": 0.31666666666666665
    },
    "ga": {
      "count": 40,
      "field_score": {
        "count": 40,
        "mean": 1.2352880818937506,
        "p10": 1.1762668589876422,
        "p50": 1.247435549436863,
        "p90": 1.3466023912038592,
        "min": 0.7794752879902411,
        "max": 1.3717567071896504
      },
      "predicted_sinr_db": {
        "count": 40,
        "mean": 16.234247393215973,
        "p10": 14.893303768433169,
        "p50": 16.374310180076982,
        "p90": 17.391056334448127,
        "min": 14.70083045734579,
        "max": 18.897866506523094
      },
      "predicted_throughput_mbps": {
        "count": 40,
        "mean": 229.56047304871277,
        "p10": 164.09220043294025,
        "p50": 243.25652381982826,
        "p90": 263.85334126343486,
        "min": 131.03081699376108,
        "max": 299.5586862321976
      },
      "nearest_poor_dist_m": {
        "count": 40,
        "mean": 0.28632159303521243,
        "p10": 0.03803365906052727,
        "p50": 0.15706057761643932,
        "p90": 0.6602714899357583,
        "min": 0.005563328438520946,
        "max": 1.4208567234629
      },
      "global_confidence": {
        "count": 40,
        "mean": 0.9911830950452192,
        "p10": 0.9763249396191135,
        "p50": 0.9941202807022991,
        "p90": 0.998677267732058,
        "min": 0.9729866035346201,
        "max": 0.9997218722627661
      },
      "hit_rate_15m": 1.0,
      "hit_rate_25m": 1.0,
      "hit_rate_40m": 1.0
    },
    "gan": {
      "count": 20,
      "field_score": {
        "count": 20,
        "mean": 0.5430215597761034,
        "p10": 0.33662460617446854,
        "p50": 0.5277136645614802,
        "p90": 0.6814935638258471,
        "min": 0.273516982226829,
        "max": 1.2023794996856432
      },
      "predicted_sinr_db": {
        "count": 20,
        "mean": 17.868966663561174,
        "p10": 16.23258782146038,
        "p50": 18.32998989776683,
        "p90": 19.43673499655151,