{
  "avg_total_deg": {
    "count": 6,
    "mean": 0.23088516686083813,
    "std": 0.005658349686388224,
    "p10": 0.22507478395764263,
    "p50": 0.2312029977844604,
    "p90": 0.23637771884041126,
    "min": 0.2203793265153129,
    "max": 0.23932153270235826
  },
  "avg_comm_deg": {
    "count": 6,
    "mean": 0.32983595265834015,
    "std": 0.008083356694840347,
    "p10": 0.32153540565377514,
    "p50": 0.3302899968349435,
    "p90": 0.3376824554863018,
    "min": 0.3148276093075898,
    "max": 0.3418879038605118
  },
  "avg_cdi": {
    "count": 6,
    "mean": 0.0,
    "std": 0.0,
    "p10": 0.0,
    "p50": 0.0,
    "p90": 0.0,
    "min": 0.0,
    "max": 0.0
  },
  "avg_interference_dbm": {
    "count": 6,
    "mean": -100.46838151477266,
    "std": 0.9830396012351692,
    "p10": -101.63073104215816,
    "p50": -100.37307701405305,
    "p90": -99.40133648810675,
    "min": -101.97083823121096,
    "max": -99.05420207528687
  },
  "avg_margin_db": {
    "count": 6,
    "mean": 5.608031207088595,
    "std": 0.2765995215441891,
    "p10": 5.278363175563854,
    "p50": 5.711962160623969,
    "p90": 5.833768285077962,
    "min": 5.053089286430359,
    "max": 5.864125206575289
  },
  "gan_training": {
    "epochs": 40,
    "batch_size": 16,
    "latent_dim": 16
  }
}