{
  "avg_total_deg": {
    "count": 10,
    "mean": 0.21935179987903797,
    "std": 0.0027090506863644433,
    "p10": 0.21664895286061758,
    "p50": 0.21865361416486356,
    "p90": 0.22232916980580325,
    "min": 0.21542644413560183,
    "max": 0.2253764110457123
  },
  "avg_comm_deg": {
    "count": 10,
    "mean": 0.31335971411291136,
    "std": 0.0038700724090920814,
    "p10": 0.3094985040865965,
    "p50": 0.31236230594980513,
    "p90": 0.31761309972257606,
    "min": 0.3077520630508598,
    "max": 0.3219663014938748
  },
  "avg_cdi": {
    "count": 10,
    "mean": 0.0,
    "std": 0.0,
    "p10": 0.0,
    "p50": 0.0,
    "p90": 0.0,
    "min": 0.0,
    "max": 0.0
  },
  "avg_interference_dbm": {
    "count": 10,
    "mean": -112.06851287700988,
    "std": 3.2619402541768783,
    "p10": -115.68067013047202,
    "p50": -112.45056587738353,
    "p90": -107.46919744927963,
    "min": -116.46377090012946,
    "max": -106.75475262864266
  },
  "avg_margin_db": {
    "count": 10,
    "mean": 5.732734357054975,
    "std": 0.09595799794665162,
    "p10": 5.620068235123133,
    "p50": 5.771311306027563,
    "p90": 5.825380430563528,
    "min": 5.555705930358484,
    "max": 5.868897680487906
  },
  "gan_training": {
    "epochs": 6,
    "batch_size": 8,
    "latent_dim": 16
  }
}