{
  "dataset_id": "dryad",
  "family": "Dryad Ericsson 5G NSA",
  "methodology": {
    "mode": "measured_map_driven",
    "notes": "Measured-map-driven comparison. The open dataset is treated as a measured field only. No explicit serving base station, hotspot, or fictional interferer reconstruction is used for visualization or optimization.",
    "low_quantile": 0.1,
    "spacing_ref_m": 5.0,
    "shift_xy_m": [
      321.1070634554804,
      299.2514558456453
    ],
    "area_size_m": 614.0168200960219,
    "no_explicit_bs_or_interferer_reconstruction": true
  },
  "search_groups": {
    "random": {
      "best_score": 0.7505067601220013,
      "score_stats": {
        "count": 60,
        "mean": 0.15635827182316922,
        "std": 0.19044651912672617,
        "p10": 0.0017397320767800627,
        "p50": 0.0671784396327694,
        "p90": 0.42993085641470086,
        "min": 6.982416246388077e-06,
        "max": 0.7505067601220013
      },
      "num_samples": 60,
      "search_note": "",
      "gan_training": {}
    },
    "ga": {
      "best_score": 1.3717567071896504,
      "score_stats": {
        "count": 40,
        "mean": 1.2364207580309021,
        "std": 0.0987698842145726,
        "p10": 1.1762668589876422,
        "p50": 1.2478541324032524,
        "p90": 1.3466023912038592,
        "min": 0.7794752879902411,
        "max": 1.3717567071896504
      },
      "num_samples": 40,
      "search_note": "geatpy_ga",
      "gan_training": {}
    },
    "gan": {
      "best_score": 0.8631156971021268,
      "score_stats": {
        "count": 20,
        "mean": 0.5422126595293164,
        "std": 0.1758018190555053,
        "p10": 0.3353996817549416,
        "p50": 0.5232971357627393,
        "p90": 0.8341794930809759,
        "min": 0.24486265204077107,
        "max": 0.8631156971021268
      },
      "num_samples": 20,
      "search_note": "",
      "gan_training": {
        "epochs": 300,
        "batch_size": 32,
        "latent_dim": 32
      }
    }
  },
  "groups": {
    "measured_poor_cloud": {
      "count": 919,
      "field_score": {
        "count": 919,
        "mean": 0.9043453856234341,
        "p10": 0.6746795418535749,
        "p50": 0.8269645108584525,
        "p90": 1.281829220279158,
        "min": 0.575,
        "max": 1.4249999999999998
      },
      "predicted_sinr_db": {
        "count": 919,
        "mean": 16.87439063707133,
        "p10": 15.0,
        "p50": 16.713518532258075,
        "p90": 21.578978357125624,
        "min": 13.0,
        "max": 23.28229105573154
      },
      "predicted_throughput_mbps": {
        "count": 919,
        "mean": 284.9250979952575,
        "p10": 231.9944988432806,
        "p50": 302.2610658624275,
        "p90": 317.7809468961261,
        "min": 28.6,
        "max": 329.16546360958085
      },
      "nearest_poor_dist_m": {
        "count": 919,
        "mean": 0.0,
        "p10": 0.0,
        "p50": 0.0,
        "p90": 0.0,
        "min": 0.0,
        "max": 0.0
      },
      "global_confidence": {
        "count": 919,
        "mean": 1.0,
        "p10": 1.0,
        "p50": 1.0,
        "p90": 1.0,
        "min": 1.0,
        "max": 1.0
      },
      "hit_rate_15m": 1.0,
      "hit_rate_25m": 1.0,
      "hit_rate_40m": 1.0
    },
    "measured_selected": {
      "count": 6,
      "field_score": {
        "count": 6,
        "mean": 0.9274357613768434,
        "p10": 0.31780257131444795,
        "p50": 1.1197745928369802,
        "p90": 1.3447301199791024,
        "min": 0.15236045639172888,
        "max": 1.4249999999999998
      },
      "predicted_sinr_db": {
        "count": 6,
        "mean": 16.47989736954423,
        "p10": 13.0,
        "p50": 16.439692108632684,
        "p90": 20.0,
        "min": 13.0,
        "max": 22.0
      },
      "predicted_throughput_mbps": {
        "count": 6,
        "mean": 204.1507146563283,
        "p10": 64.8,
        "p50": 231.06978849436348,
        "p90": 316.5823554746214,
        "min": 28.6,
        "max": 318.76562692865764
      },
      "nearest_poor_dist_m": {
        "count": 6,
        "mean": 24.453879103501254,
        "p10": 0.0,
        "p50": 0.0,
        "p90": 73.36163731050377,
        "min": 0.0,
        "max": 86.44433569270147
      },
      "global_confidence": {
        "count": 6,
        "mean": 1.0,
        "p10": 1.0,
        "p50": 1.0,
        "p90": 1.0,
        "min": 1.0,
        "max": 1.0
      },
      "hit_rate_15m": 0.6666666666666666,
      "hit_rate_25m": 0.6666666666666666,
      "hit_rate_40m": 0.6666666666666666
    },
    "random": {
      "count": 60,
      "field_score": {
        "count": 60,
        "mean": 0.15635827182316922,
        "p10": 0.0017397320767800627,
        "p50": 0.0671784396327694,
        "p90": 0.42993085641470086,
        "min": 6.982416246388077e-06,
        "max": 0.7505067601220013
      },
      "predicted_sinr_db": {
        "count": 60,
        "mean": 19.783239553722595,
        "p10": 16.71464492132093,
        "p50": 20.125087488720034,
        "p90": 22.427556651350255,
        "min": 14.000089904052336,
        "max": 23.327637478814065
      },
      "predicted_throughput_mbps": {
        "count": 60,
        "mean": 303.3066501441901,
        "p10": 284.8945304650062,
        "p50": 310.5509601637116,
        "p90": 315.8686089291307,
        "min": 235.04579119299726,
        "max": 317.44501219460847
      },
      "nearest_poor_dist_m": {
        "count": 60,
        "mean": 69.44394120653484,
        "p10": 6.836747821481446,
        "p50": 56.34669986358011,
        "p90": 157.93784354598338,
        "min": 2.4341651336967876,
        "max": 207.8113584600238
      },
      "global_confidence": {
        "count": 60,
        "mean": 0.3066748876490901,
        "p10": 0.004193055339905857,
        "p50": 0.16528372798730262,
        "p90": 0.8098687897633251,
        "min": 3.343745338207365e-05,
        "max": 0.9572599150764017
      },
      "hit_rate_15m": 0.18333333333333332,
      "hit_rate_25m": 0.3,
      "hit_rate_40m": 0.4
    },
    "ga": {
      "count": 40,
      "field_score": {
        "count": 40,
        "mean": 1.2364207580309021,
        "p10": 1.1762668589876422,
        "p50": 1.2478541324032524,
        "p90": 1.3466023912038592,
        "min": 0.7794752879902411,
        "max": 1.3717567071896504
      },
      "predicted_sinr_db": {
        "count": 40,
        "mean": 16.198579911250384,
        "p10": 14.893303768433169,
        "p50": 16.30910178999046,
        "p90": 17.391056334448127,
        "min": 14.70083045734579,
        "max": 18.897866506523094
      },
      "predicted_throughput_mbps": {
        "count": 40,
        "mean": 232.0331578097137,
        "p10": 184.57484301289685,
        "p50": 244.35842986255128,
        "p90": 263.85334126343486,
        "min": 131.03081699376108,
        "max": 299.5586862321976
      },
      "nearest_poor_dist_m": {
        "count": 40,
        "mean": 0.29775292072571874,
        "p10": 0.03803365906052727,
        "p50": 0.17225723139242183,
        "p90": 0.6602714899357583,
        "min": 0.005563328438520946,
        "max": 1.4208567234629
      },
      "global_confidence": {
        "count": 40,
        "mean": 0.9906202967712439,
        "p10": 0.9754877738443379,
        "p50": 0.9939523336117132,
        "p90": 0.998677267732058,
        "min": 0.9729866035346201,
        "max": 0.9997218722627661
      },
      "hit_rate_15m": 1.0,
      "hit_rate_25m": 1.0,
      "hit_rate_40m": 1.0
    },
    "gan": {
      "count": 20,
      "field_score": {
        "count": 20,
        "mean": 0.5422126595293164,
        "p10": 0.3353996817549416,
        "p50": 0.5232971357627393,
        "p90": 0.8341794930809759,
        "min": 0.24486265204077107,
        "max": 0.8631156971021268
      },
      "predicted_sinr_db": {
        "count": 20,
        "mean": 16.820712129543065,
        "p10": 15.479101934817638,
        "p50": 16.879549334605233,
        "p90": 18.225234283365598,