{
  "dataset_id": "aerpaw",
  "family": "AERPAW 5G NSA",
  "methodology": {
    "mode": "measured_map_driven",
    "notes": "Measured-map-driven comparison. The open dataset is treated as a measured field only. No explicit serving base station, hotspot, or fictional interferer reconstruction is used for visualization or optimization.",
    "low_quantile": 0.1,
    "spacing_ref_m": 5.0,
    "shift_xy_m": [
      513.7449077583708,
      236.93890360058958
    ],
    "area_size_m": 615.7622387688107,
    "no_explicit_bs_or_interferer_reconstruction": true
  },
  "search_groups": {
    "random": {
      "best_score": 0.9272061877076152,
      "score_stats": {
        "count": 40,
        "mean": 0.19240908860742792,
        "std": 0.2340221712904726,
        "p10": 0.00133113466031099,
        "p50": 0.04922729047841749,
        "p90": 0.4973376544936632,
        "min": 6.418501489881078e-06,
        "max": 0.9272061877076152
      },
      "num_samples": 40,
      "search_note": "",
      "gan_training": {}
    },
    "ga": {
      "best_score": 1.259904963188338,
      "score_stats": {
        "count": 40,
        "mean": 1.1001873913665674,
        "std": 0.09877521801738508,
        "p10": 0.9813166171079936,
        "p50": 1.1162965867089598,
        "p90": 1.2344790486109025,
        "min": 0.8676416646916516,
        "max": 1.259904963188338
      },
      "num_samples": 40,
      "search_note": "geatpy_ga",
      "gan_training": {}
    },
    "gan": {
      "best_score": 0.9589232394356441,
      "score_stats": {
        "count": 20,
        "mean": 0.5925562492132098,
        "std": 0.20829028425229895,
        "p10": 0.32755381252690624,
        "p50": 0.5850721023045792,
        "p90": 0.9126533868523808,
        "min": 0.29532540433212745,
        "max": 0.9589232394356441
      },
      "num_samples": 20,
      "search_note": "",
      "gan_training": {
        "epochs": 300,
        "batch_size": 32,
        "latent_dim": 32
      }
    }
  },
  "groups": {
    "measured_poor_cloud": {
      "count": 302,
      "field_score": {
        "count": 302,
        "mean": 1.018866078446571,
        "p10": 0.8450355144677283,
        "p50": 1.0169024795335293,
        "p90": 1.2117641553579785,
        "min": 0.3065161441272813,
        "max": 1.3204437886317175
      },
      "predicted_sinr_db": {
        "count": 302,
        "mean": 18.76051505246328,
        "p10": 15.0,
        "p50": 18.0,
        "p90": 21.0,
        "min": 12.0,
        "max": 31.071636224576483
      },
      "predicted_throughput_mbps": {
        "count": 302,
        "mean": 179.44986552958363,
        "p10": 141.0,
        "p50": 167.5143063310408,
        "p90": 254.80000000000007,
        "min": 7.07,
        "max": 321.0
      },
      "nearest_poor_dist_m": {
        "count": 302,
        "mean": 0.0,
        "p10": 0.0,
        "p50": 0.0,
        "p90": 0.0,
        "min": 0.0,
        "max": 0.0
      },
      "global_confidence": {
        "count": 302,
        "mean": 1.0,
        "p10": 1.0,
        "p50": 1.0,
        "p90": 1.0,
        "min": 1.0,
        "max": 1.0
      },
      "hit_rate_15m": 1.0,
      "hit_rate_25m": 1.0,
      "hit_rate_40m": 1.0
    },
    "measured_selected": {
      "count": 5,
      "field_score": {
        "count": 5,
        "mean": 0.8470283503401932,
        "p10": 0.3465655333683273,
        "p50": 0.8724999999999999,
        "p90": 1.2735902798463496,
        "min": 0.08371781502549329,
        "max": 1.2917777476459595
      },
      "predicted_sinr_db": {
        "count": 5,
        "mean": 21.413151841789222,
        "p10": 12.8,
        "p50": 23.0,
        "p90": 29.43945552536767,
        "min": 12.0,
        "max": 31.06575920894612
      },
      "predicted_throughput_mbps": {
        "count": 5,
        "mean": 197.64145662496867,
        "p10": 62.696913249937325,
        "p50": 169.0,
        "p90": 353.6,
        "min": 7.07,
        "max": 436.0
      },
      "nearest_poor_dist_m": {
        "count": 5,
        "mean": 2.3771675916304384,
        "p10": 0.0,
        "p50": 0.0,
        "p90": 7.0870691650833715,
        "min": 0.0,
        "max": 11.663669909112466
      },
      "global_confidence": {
        "count": 5,
        "mean": 1.0,
        "p10": 1.0,
        "p50": 1.0,
        "p90": 1.0,
        "min": 1.0,
        "max": 1.0
      },
      "hit_rate_15m": 1.0,
      "hit_rate_25m": 1.0,
      "hit_rate_40m": 1.0
    },
    "random": {
      "count": 40,
      "field_score": {
        "count": 40,
        "mean": 0.19240908860742792,
        "p10": 0.00133113466031099,
        "p50": 0.04922729047841749,
        "p90": 0.4973376544936632,
        "min": 6.418501489881078e-06,
        "max": 0.9272061877076152
      },
      "predicted_sinr_db": {
        "count": 40,
        "mean": 23.30016400439998,
        "p10": 19.751602810936507,
        "p50": 24.161167124510698,
        "p90": 25.982869899212627,
        "min": 14.815883673283308,
        "max": 31.500181893920317
      },
      "predicted_throughput_mbps": {
        "count": 40,
        "mean": 238.46890501422422,
        "p10": 163.27228861606548,
        "p50": 229.79681144339935,
        "p90": 305.5264641555585,
        "min": 153.53093168799316,
        "max": 377.7256069513609
      },
      "nearest_poor_dist_m": {
        "count": 40,
        "mean": 90.05237355999591,
        "p10": 12.963823541826443,
        "p50": 79.46585221700366,
        "p90": 197.87529814703464,
        "min": 5.231974392758656,
        "max": 236.42118945246827
      },
      "global_confidence": {
        "count": 40,
        "mean": 0.29058915591149487,
        "p10": 0.003259159630882311,
        "p50": 0.06984825063167024,
        "p90": 0.7816465909459256,
        "min": 8.20702572750048e-06,
        "max": 0.9705668013652528
      },
      "hit_rate_15m": 0.15,
      "hit_rate_25m": 0.25,
      "hit_rate_40m": 0.325
    },
    "ga": {
      "count": 40,
      "field_score": {
        "count": 40,
        "mean": 1.1001873913665674,
        "p10": 0.9813166171079936,
        "p50": 1.1162965867089598,
        "p90": 1.2344790486109025,
        "min": 0.8676416646916516,
        "max": 1.259904963188338
      },
      "predicted_sinr_db": {
        "count": 40,
        "mean": 17.492282739136463,
        "p10": 14.949179465320361,
        "p50": 17.497579001525498,
        "p90": 19.64999362537184,
        "min": 14.49017111121697,
        "max": 27.023255021307055
      },
      "predicted_throughput_mbps": {
        "count": 40,
        "mean": 161.63275863303767,
        "p10": 143.02909645053134,
        "p50": 154.84129524310254,
        "p90": 188.23970389824854,
        "min": 37.81805222298684,
        "max": 261.1249957838062
      },
      "nearest_poor_dist_m": {
        "count": 40,
        "mean": 0.16067728357667216,
        "p10": 0.023871139331336055,
        "p50": 0.08754060136943387,
        "p90": 0.426691444843907,
        "min": 0.012408396657861816,
        "max": 0.7299509089319489
      },
      "global_confidence": {
        "count": 40,
        "mean": 0.9920358186386835,
        "p10": 0.978891876488764,
        "p50": 0.9956327021806703,
        "p90": 0.9988071550501826,
        "min": 0.9641604604767584,
        "max": 0.9993797725876955
      },
      "hit_rate_15m": 1.0,
      "hit_rate_25m": 1.0,
      "hit_rate_40m": 1.0
    },
    "gan": {
      "count": 20,
      "field_score": {
        "count": 20,
        "mean": 0.5925562492132098,
        "p10": 0.32755381252690624,
        "p50": 0.5850721023045792,
        "p90": 0.9126533868523808,
        "min": 0.29532540433212745,
        "max": 0.9589232394356441
      },
      "predicted_sinr_db": {
        "count": 20,
        "mean": 20.828617876144204,
        "p10": 19.006169227412947,
        "p50": 20.250315730446395,
        "p90": 23.282160468716786,
        "min": 18.910476453906025,
        "max": 24.277646139570326
      },