{
  "dataset_id": "dryad",
  "family": "Dryad Ericsson 5G NSA",
  "reference_altitude_m": 29.9488127,
  "station_height_m": 12.0,
  "comm_freq_hz": 3600000000.0,
  "algorithm_group": "gan",
  "search": {
    "best_score": 1.0,
    "score_stats": {
      "count": 20,
      "mean": 0.6,
      "std": 0.48989794855663565,
      "p10": 0.0,
      "p50": 1.0,
      "p90": 1.0,
      "max": 1.0,
      "min": 0.0
    },
    "num_samples": 20,
    "gan_training": {
      "epochs": 300,
      "batch_size": 32,
      "latent_dim": 32
    }
  },
  "environment_alignment": {
    "notes": "Dryad日志无BS方位字段，使用高SINR/高吞吐样本的质心作为服务中心代理；站高沿用AERPAW反推的12 m口径。",
    "area_size_m": 614.0168200960219,
    "station_xy_local_m": [
      71.39307131457228,
      22.466398102198983
    ],
    "station_xy_aligned_m": [
      392.5001347700527,
      321.7178539478443
    ],
    "shift_xy_m": [
      321.1070634554804,
      299.2514558456453
    ],
    "hotspots": [
      {
        "x_m": 403.70778252312095,
        "y_m": 236.0549273563042,
        "height_m": 16.0,
        "power_dbm": 30.0,
        "type_id": 3.0
      },
      {
        "x_m": 158.27868210603089,
        "y_m": 232.79691600560972,
        "height_m": 16.0,
        "power_dbm": 34.0,
        "type_id": 3.0
      }
    ]
  },
  "groups": {
    "measured_selected": {
      "count": 6,
      "sinr_db": {
        "count": 6,
        "mean": 9.15578923879574,
        "p10": -6.87300807785595,
        "p50": 8.787596490308118,
        "p90": 25.55277930393505,
        "min": -12.352028807402554,
        "max": 26.998985465490925
      },
      "margin_db": {
        "count": 6,
        "mean": 9.15578923879574,
        "p10": -6.87300807785595,
        "p50": 8.787596490308118,
        "p90": 25.55277930393505,
        "min": -12.352028807402554,
        "max": 26.998985465490925
      },
      "rate_mbps": {
        "count": 6,
        "mean": 406.5276738202611,
        "p10": 43.42766554845831,
        "p50": 326.886913799284,
        "p90": 849.2684421130411,
        "min": 8.15893300341004,
        "max": 897.1745193436705
      },
      "outage": {
        "-5.0": 0.16666666666666666,
        "0.0": 0.3333333333333333,
        "5.0": 0.5,
        "10.0": 0.5
      },
      "tail": {
        "tail_mean_sinr_db": -12.352028807402554,
        "tail_mean_rate_mbps": 8.15893300341004,
        "tail_mean_margin_db": -12.352028807402554
      }
    },
    "measured_trajectory": {
      "count": 7451,
      "sinr_db": {
        "count": 7451,
        "mean": 14.719060981953323,
        "p10": 4.342669295339526,
        "p50": 15.022727363135772,
        "p90": 24.713315906852912,
        "min": -15.262503399686295,
        "max": 57.52174429859086
      },
      "margin_db": {
        "count": 7451,
        "mean": 14.719060981953323,
        "p10": 4.342669295339526,
        "p50": 15.022727363135772,
        "p90": 24.713315906852912,
        "min": -15.262503399686295,
        "max": 57.52174429859086
      },
      "rate_mbps": {
        "count": 7451,
        "mean": 508.1191932171219,
        "p10": 189.4569212951879,
        "p50": 503.5126696686839,
        "p90": 821.4451152021019,
        "min": 4.231934454285336,
        "max": 1910.831239794128
      },
      "outage": {
        "-5.0": 0.014092068178767951,
        "0.0": 0.03999463159307475,
        "5.0": 0.11354180646893035,
        "10.0": 0.27982821097839217
      },
      "tail": {
        "tail_mean_sinr_db": -3.5315727754570436,
        "tail_mean_rate_mbps": 63.966950403183084,
        "tail_mean_margin_db": -3.5315727754570436
      }
    },
    "random": {
      "count": 120,
      "sinr_db": {
        "count": 120,
        "mean": 12.97652196493871,
        "p10": 1.4962479342105464,
        "p50": 13.997801986666765,
        "p90": 23.45142886135304,
        "min": -7.004745360758093,
        "max": 32.11307577194613
      },
      "margin_db": {
        "count": 120,
        "mean": 12.97652196493871,
        "p10": 1.4962479342105461,
        "p50": 13.997801986666765,
        "p90": 23.45142886135304,
        "min": -7.004745360758093,
        "max": 32.11307577194613
      },
      "rate_mbps": {
        "count": 120,
        "mean": 457.9493151380347,
        "p10": 126.99549659432898,
        "p50": 470.63186808968567,
        "p90": 779.6898369723409,
        "min": 26.22026162578104,
        "max": 1066.86194738064
      },
      "outage": {
        "-5.0": 0.016666666666666666,
        "0.0": 0.06666666666666667,
        "5.0": 0.20833333333333334,
        "10.0": 0.35
      },
      "tail": {
        "tail_mean_sinr_db": -4.9358268316977,
        "tail_mean_rate_mbps": 41.23485251214697,
        "tail_mean_margin_db": -4.9358268316977
      }
    },
    "model_worst_region": {
      "count": 25,
      "sinr_db": {
        "count": 25,
        "mean": -8.44559894825334,
        "p10": -12.27582415300467,
        "p50": -8.095596844863934,
        "p90": -5.798518875905138,
        "min": -13.790349716755124,
        "max": -5.5429984944887565
      },
      "margin_db": {
        "count": 25,
        "mean": -8.44559894825334,
        "p10": -12.27582415300467,
        "p50": -8.095596844863934,
        "p90": -5.798518875905138,
        "min": -13.790349716755124,
        "max": -5.5429984944887565
      },
      "rate_mbps": {
        "count": 25,
        "mean": 21.596717168903286,
        "p10": 8.30026663681068,
        "p50": 20.794127848218203,
        "p90": 33.70076025548698,
        "min": 5.905019180047777,
        "max": 35.50857977133108
      },
      "outage": {
        "-5.0": 1.0,
        "0.0": 1.0,
        "5.0": 1.0,
        "10.0": 1.0
      },
      "tail": {
        "tail_mean_sinr_db": -13.790349716755124,
        "tail_mean_rate_mbps": 5.905019180047777,
        "tail_mean_margin_db": -13.790349716755124
      }
    }
  }
}