{
  "out_dir": "output\\run_20260322_clpc_full\\compare\\kpi",
  "bler_a_csv": "output\\run_20260322_clpc_full\\compare\\kpi\\BLER_A.csv",
  "bler_b_csv": "",
  "groups": {
    "ga": {
      "kpis": {
        "count_links": 96,
        "outage": {
          "-5.0": 0.2604166666666667,
          "0.0": 0.7083333333333334,
          "5.0": 0.875,
          "10.0": 0.90625
        },
        "sinr_db": {
          "count": 96,
          "mean": -0.6078954051409937,
          "p10": -6.586308727443772,
          "p50": -2.636003391501724,
          "p90": 7.4129937025393104,
          "min": -8.013008251890923,
          "max": 22.432415112583598
        },
        "rate_bps": {
          "count": 96,
          "mean": 24735990.022706807,
          "p10": 5727621.342856262,
          "p50": 12554248.46747625,
          "p90": 54074440.95756729,
          "min": 4233086.609755,
          "max": 149202073.34586185
        },
        "ee_bpj": {
          "count": 96,
          "mean": 173274.4053315374,
          "p10": 40685.95486263881,
          "p50": 92020.3988166416,
          "p90": 415618.5068932826,
          "min": 26722.393754836376,
          "max": 1178608.8569153312
        },
        "tail": {
          "tail_pct": 5.0,
          "tail_mean_sinr_db": -7.7852660473028195,
          "tail_mean_rate_bps": 4448565.73611583,
          "tail_mean_ee_bpj": 28818.20093108906
        }
      },
      "throughput_A": {
        "count_links": 96,
        "throughput_bps": {
          "count": 96,
          "mean": 10715622.228166984,
          "p10": 0.0,
          "p50": 0.0,
          "p90": 96426.05365501129,
          "min": 0.0,
          "max": 149202073.34586185
        },
        "tail": {
          "tail_pct": 5.0,
          "tail_mean_throughput_bps": 0.0
        }
      }
    },
    "gan": {
      "kpis": {
        "count_links": 144,
        "outage": {
          "-5.0": 0.0,
          "0.0": 0.2152777777777778,
          "5.0": 0.7152777777777778,
          "10.0": 0.7152777777777778
        },
        "sinr_db": {
          "count": 144,
          "mean": 5.608031207088596,
          "p10": -0.9858677954622577,
          "p50": 1.1265446630846228,
          "p90": 18.75279174124451,
          "min": -2.65096004284284,
          "max": 21.19481691904059
        },
        "rate_bps": {
          "count": 144,
          "mean": 50759119.218307294,
          "p10": 16910895.5365069,
          "p50": 23984331.805205774,
          "p90": 124972854.44577235,
          "min": 12517196.885460328,
          "max": 141033628.1981736
        },
        "ee_bpj": {
          "count": 144,
          "mean": 398220.5759838452,
          "p10": 132178.93070354828,
          "p50": 188182.25336505176,
          "p90": 982352.7439190375,
          "min": 92460.99480586803,
          "max": 1106405.1915878316
        },
        "tail": {
          "tail_pct": 5.0,
          "tail_mean_sinr_db": -1.9931026458817829,
          "tail_mean_rate_bps": 14150115.395535452,
          "tail_mean_ee_bpj": 108129.97945805735
        }
      },
      "throughput_A": {
        "count_links": 144,
        "throughput_bps": {
          "count": 144,
          "mean": 34999606.91974583,
          "p10": 0.0,
          "p50": 0.0,
          "p90": 124972854.44577235,
          "min": 0.0,
          "max": 141033628.1981736
        },
        "tail": {
          "tail_pct": 5.0,
          "tail_mean_throughput_bps": 0.0
        }
      }
    },
    "random": {
      "kpis": {
        "count_links": 480,
        "outage": {
          "-5.0": 0.20208333333333334,
          "0.0": 0.5791666666666667,
          "5.0": 0.71875,
          "10.0": 0.7541666666666667
        },
        "sinr_db": {
          "count": 480,
          "mean": 2.534059090181103,
          "p10": -6.09030851110207,
          "p50": -1.5754935990925816,
          "p90": 19.44892115075436,
          "min": -26.672271885680118,
          "max": 33.83328968972151
        },
        "rate_bps": {
          "count": 480,
          "mean": 42038651.800686315,
          "p10": 6346529.953595064,
          "p50": 15238799.38862918,
          "p90": 129541565.91736108,
          "min": 62016.96920316903,
          "max": 224795445.11771566
        },
        "ee_bpj": {
          "count": 480,
          "mean": 295782.11089872994,
          "p10": 44511.8246528426,
          "p50": 107065.60315080393,
          "p90": 929399.3346323479,
          "min": 395.71103274330613,
          "max": 1770033.5967584907
        },
        "tail": {
          "tail_pct": 5.0,
          "tail_mean_sinr_db": -11.72817495906083,
          "tail_mean_rate_bps": 3167122.511238308,
          "tail_mean_ee_bpj": 22386.683470001517
        }
      },
      "throughput_A": {
        "count_links": 480,
        "throughput_bps": {
          "count": 480,
          "mean": 30237715.078140717,
          "p10": 0.0,
          "p50": 0.0,
          "p90": 129541565.91736108,
          "min": 0.0,
          "max": 224795445.11771566
        },
        "tail": {
          "tail_pct": 5.0,
          "tail_mean_throughput_bps": 0.0
        }
      }
    }
  }
}