{
  "avg_total_deg": {
    "count": 10,
    "mean": 0.2197504246044494,
    "std": 0.006579423233842125,
    "p10": 0.21079878163515503,
    "p50": 0.21892255515215547,
    "p90": 0.2275896266927593,
    "min": 0.2094982745758022,
    "max": 0.22973346517121598
  },
  "avg_comm_deg": {
    "count": 10,
    "mean": 0.31392917800635634,
    "std": 0.009399176048345897,
    "p10": 0.30114111662165005,
    "p50": 0.31274650736022214,
    "p90": 0.3251280381325133,
    "min": 0.29928324939400314,
    "max": 0.3281906645303086
  },
  "avg_cdi": {
    "count": 10,
    "mean": 0.0,
    "std": 0.0,
    "p10": 0.0,
    "p50": 0.0,
    "p90": 0.0,
    "min": 0.0,
    "max": 0.0
  },
  "avg_interference_dbm": {
    "count": 10,
    "mean": -110.69190447265984,
    "std": 3.175068399572036,
    "p10": -114.04381013125229,
    "p50": -109.73264049352322,
    "p90": -106.74658331418046,
    "min": -116.00302000423736,
    "max": -105.81328918843823
  },
  "avg_margin_db": {
    "count": 10,
    "mean": 5.829339237306527,
    "std": 0.2946771931780116,
    "p10": 5.5524961452949775,
    "p50": 5.700671432173449,
    "p90": 6.276028113099952,
    "min": 5.522534319997198,
    "max": 6.3388059177555744
  },
  "gan_training": {
    "epochs": 6,
    "batch_size": 8,
    "latent_dim": 16
  }
}