{
  "dataset_id": "aerpaw",
  "family": "AERPAW 5G NSA",
  "reference_altitude_m": 29.936,
  "station_height_m": 11.98287770083776,
  "comm_freq_hz": 3600000000.0,
  "algorithm_group": "ga",
  "search": {
    "best_score": 1.0,
    "score_stats": {
      "count": 2,
      "mean": 1.0,
      "std": 0.0,
      "p10": 1.0,
      "p50": 1.0,
      "p90": 1.0,
      "max": 1.0,
      "min": 1.0
    },
    "num_samples": 2,
    "gan_training": {}
  },
  "environment_alignment": {
    "notes": "按日志中的基站距离/方位/仰角重建BS相对坐标；站高由日志反推中位数约12 m。",
    "area_size_m": 615.7622387688107,
    "station_xy_local_m": [
      0.0,
      0.0
    ],
    "station_xy_aligned_m": [
      513.7449077583708,
      236.93890360058958
    ],
    "shift_xy_m": [
      513.7449077583708,
      236.93890360058958
    ],
    "hotspots": [
      {
        "x_m": 318.2196182066838,
        "y_m": 274.3512635336535,
        "height_m": 15.98287770083776,
        "power_dbm": 30.0,
        "type_id": 3.0
      },
      {
        "x_m": 259.90824706627404,
        "y_m": 61.18875652587846,
        "height_m": 15.98287770083776,
        "power_dbm": 34.0,
        "type_id": 3.0
      }
    ]
  },
  "groups": {
    "measured_selected": {
      "count": 5,
      "sinr_db": {
        "count": 5,
        "mean": 12.907458808405133,
        "p10": -3.4102445085569517,
        "p50": 11.59273177505802,
        "p90": 30.085798179659715,
        "min": -12.90183870904675,
        "max": 40.39048253062526
      },
      "margin_db": {
        "count": 5,
        "mean": 12.907458808405133,
        "p10": -3.4102445085569517,
        "p50": 11.59273177505802,
        "p90": 30.085798179659715,
        "min": -12.90183870904675,
        "max": 40.39048253062526
      },
      "rate_mbps": {
        "count": 5,
        "mean": 521.1416016739416,
        "p10": 152.77865630483032,
        "p50": 394.7687426130658,
        "p90": 1001.3907565847506,
        "min": 7.212560290572968,
        "max": 1341.755972644046
      },
      "outage": {
        "-5.0": 0.2,
        "0.0": 0.2,
        "5.0": 0.2,
        "10.0": 0.2
      },
      "tail": {
        "tail_mean_sinr_db": -12.90183870904675,
        "tail_mean_rate_mbps": 7.212560290572968,
        "tail_mean_margin_db": -12.90183870904675
      }
    },
    "measured_trajectory": {
      "count": 2754,
      "sinr_db": {
        "count": 2754,
        "mean": 15.612135859936345,
        "p10": 1.5470421406742663,
        "p50": 13.302277103508914,
        "p90": 33.53908542858244,
        "min": -20.518241161200855,
        "max": 55.42344174398728
      },
      "margin_db": {
        "count": 2754,
        "mean": 15.612135859936345,
        "p10": 1.5470421406742665,
        "p50": 13.302277103508914,
        "p90": 33.53908542858244,
        "min": -20.518241161200855,
        "max": 55.42344174398728
      },
      "rate_mbps": {
        "count": 2754,
        "mean": 547.3695900751591,
        "p10": 127.97253894262721,
        "p50": 448.4836352621704,
        "p90": 1114.2081530108874,
        "min": 1.2747654867240261,
        "max": 1841.1272962844487
      },
      "outage": {
        "-5.0": 0.021423384168482208,
        "0.0": 0.0718954248366013,
        "5.0": 0.18809005083514888,
        "10.0": 0.3681917211328976
      },
      "tail": {
        "tail_mean_sinr_db": -6.397913860597112,
        "tail_mean_rate_mbps": 41.1588839868377,
        "tail_mean_margin_db": -6.397913860597112
      }
    },
    "random": {
      "count": 10,
      "sinr_db": {
        "count": 10,
        "mean": 12.642218235973083,
        "p10": 1.6033179599588314,
        "p50": 16.777822459103156,
        "p90": 19.656259516182875,
        "min": -0.2399569956399859,
        "max": 19.813855275309464
      },
      "margin_db": {
        "count": 10,
        "mean": 12.642218235973084,
        "p10": 1.6033179599588316,
        "p50": 16.777822459103156,
        "p90": 19.656259516182875,
        "min": -0.23995699563998585,
        "max": 19.813855275309464
      },
      "rate_mbps": {
        "count": 10,
        "mean": 443.8187121915077,
        "p10": 129.42925210101114,
        "p50": 560.4041809431726,
        "p90": 654.5200514214033,
        "min": 96.06944679624235,
        "max": 659.7000955280332
      },
      "outage": {
        "-5.0": 0.0,
        "0.0": 0.1,
        "5.0": 0.2,
        "10.0": 0.4
      },
      "tail": {
        "tail_mean_sinr_db": -0.2399569956399859,
        "tail_mean_rate_mbps": 96.06944679624235,
        "tail_mean_margin_db": -0.23995699563998585
      }
    },
    "model_worst_region": {
      "count": 4,
      "sinr_db": {
        "count": 4,
        "mean": -4.520236058158838,
        "p10": -5.058035819139694,
        "p50": -4.369689961945518,
        "p90": -4.102873174148639,
        "min": -5.255258846963628,
        "max": -4.0863054617806895
      },
      "margin_db": {
        "count": 4,
        "mean": -4.520236058158838,
        "p10": -5.058035819139694,
        "p50": -4.369689961945518,
        "p90": -4.102873174148639,
        "min": -5.255258846963628,
        "max": -4.0863054617806895
      },
      "rate_mbps": {
        "count": 4,
        "mean": 43.79377118513382,
        "p10": 39.243655825703755,
        "p50": 44.994733910083085,
        "p90": 47.38311636460447,
        "min": 37.64870815108854,
        "max": 47.53690876928055
      },
      "outage": {
        "-5.0": 0.25,
        "0.0": 1.0,
        "5.0": 1.0,
        "10.0": 1.0
      },
      "tail": {
        "tail_mean_sinr_db": -5.255258846963628,
        "tail_mean_rate_mbps": 37.64870815108854,
        "tail_mean_margin_db": -5.255258846963628
      }
    }
  }
}