x_m,y_m,z_m,margin_db,sinr_db,rate_bps,outage,i_dbm,p_rx_dbm,ee_bpj
167.93515602785746,0.0,29.936,-5.255258846963628,-5.255258846963628,37648708.15108854,1.0,-52.71285462287384,-57.966495431270246,199788.70768097093
223.91354137047662,0.0,29.936,-4.597848754217182,-4.597848754217182,42965200.39980591,1.0,-51.46788961657485,-56.06452354912149,228001.49818375558
0.0,0.0,29.936,-4.141531169673854,-4.141531169673854,47024267.42036027,1.0,-59.06923833026304,-63.20378140666787,249541.56673464837
279.89192671309576,55.978385342619156,29.936,-4.0863054617806895,-4.0863054617806895,47536908.76928055,1.0,-48.390276076187035,-52.47598342666018,252261.97754379464
