{
  "ga_summary": {
    "avg_total_deg": {
      "count": 4,
      "mean": 0.4145377124467405,
      "std": 0.03397387203392784,
      "p10": 0.38589807865589537,
      "p50": 0.4051865997773701,
      "p90": 0.4506582363730819,
      "min": 0.3776986001410132,
      "max": 0.4700790500912085
    },
    "avg_comm_deg": {
      "count": 4,
      "mean": 0.5921967320667723,
      "std": 0.0485341029056112,
      "p10": 0.551282969508422,
      "p50": 0.5788379996819574,
      "p90": 0.6437974805329743,
      "min": 0.5395694287728761,
      "max": 0.6715415001302979
    },
    "avg_cdi": {
      "count": 4,
      "mean": 0.0,
      "std": 0.0,
      "p10": 0.0,
      "p50": 0.0,
      "p90": 0.0,
      "min": 0.0,
      "max": 0.0
    },
    "avg_interference_dbm": {
      "count": 4,
      "mean": -106.03136093848917,
      "std": 6.978068680528949,
      "p10": -112.94824642995657,
      "p50": -107.15164284621669,
      "p90": -98.2182499208398,
      "min": -114.25825137523589,
      "max": -95.56390668628748
    },
    "avg_margin_db": {
      "count": 4,
      "mean": 0.35897188476983677,
      "std": 0.8100451509559656,
      "p10": -0.5004954861604487,
      "p50": 0.3976950320425754,
      "p90": 1.1874607378819313,
      "min": -0.5860643605867099,
      "max": 1.226561835580906
    }
  },
  "gan_summary": {
    "avg_total_deg": {
      "count": 12,
      "mean": 0.2204235175397575,
      "std": 0.0053085946151376455,
      "p10": 0.2151796750350013,
      "p50": 0.2196892044911105,
      "p90": 0.22448267339476274,
      "min": 0.21305847738417394,
      "max": 0.23295100867847954
    },
    "avg_comm_deg": {
      "count": 12,
      "mean": 0.3148907393425107,
      "std": 0.007583706593053805,
      "p10": 0.3073995357642875,
      "p50": 0.3138417207015865,
      "p90": 0.32068953342108975,
      "min": 0.30436925340596277,
      "max": 0.3327871552549708
    },
    "avg_cdi": {
      "count": 12,
      "mean": 0.0,
      "std": 0.0,
      "p10": 0.0,
      "p50": 0.0,
      "p90": 0.0,
      "min": 0.0,
      "max": 0.0
    },
    "avg_interference_dbm": {
      "count": 12,
      "mean": -110.08898185395297,
      "std": 2.384407521821702,
      "p10": -113.0133874556549,
      "p50": -110.16937682311892,
      "p90": -106.9434323793757,
      "min": -113.2317294982616,
      "max": -105.35493570751825
    },
    "avg_margin_db": {
      "count": 12,
      "mean": 5.716269489996422,
      "std": 0.21724196571949833,
      "p10": 5.580913457398051,
      "p50": 5.784677326312111,
      "p90": 5.879036952546178,
      "min": 5.0544149568900805,
      "max": 5.902894314359261
    }
  },
  "random_summary": {
    "avg_total_deg": {
      "count": 30,
      "mean": 0.3359030026755449,
      "std": 0.04800207788765628,
      "p10": 0.26611457429255336,
      "p50": 0.32946214357741155,
      "p90": 0.4066241170053692,
      "min": 0.2558276313528008,
      "max": 0.4312838532469326
    },
    "avg_comm_deg": {
      "count": 30,
      "mean": 0.47986143239363555,
      "std": 0.06857439698236611,
      "p10": 0.38016367756079056,
      "p50": 0.47066020511058804,
      "p90": 0.580891595721956,
      "min": 0.36546804478971556,
      "max": 0.6161197903527609
    },
    "avg_cdi": {
      "count": 30,
      "mean": 0.0,
      "std": 0.0,
      "p10": 0.0,
      "p50": 0.0,
      "p90": 0.0,
      "min": 0.0,
      "max": 0.0
    },
    "avg_interference_dbm": {
      "count": 30,
      "mean": -109.03207765525946,
      "std": 6.349709903200009,
      "p10": -115.38406397297007,
      "p50": -110.92230589955855,
      "p90": -100.57286490157607,
      "min": -122.06375926582184,
      "max": -94.13574804708861
    },
    "avg_margin_db": {
      "count": 30,
      "mean": 3.451210681184025,
      "std": 1.9281440330646402,
      "p10": 0.8112255577691977,
      "p50": 3.8171175786066005,
      "p90": 6.197140277672775,
      "min": 0.32136122952659935,
      "max": 7.126734709864654
    }
  },
  "comparison": {
    "ga_vs_random": {
      "avg_total_deg": {
        "mean_diff": 0.07863470977119558,
        "mean_ratio": 1.2340994547379809,
        "p90_diff": 0.044034119367712676
      },
      "avg_comm_deg": {
        "mean_diff": 0.11233529967313671,
        "mean_ratio": 1.234099454737981,
        "p90_diff": 0.06290588481101822
      },
      "avg_cdi": {
        "mean_diff": 0.0,
        "mean_ratio": 0.0,
        "p90_diff": 0.0
      },
      "avg_interference_dbm": {
        "mean_diff": 3.0007167167702846,
        "mean_ratio": -106031360938.48917,
        "p90_diff": 2.3546149807362724
      },
      "avg_margin_db": {
        "mean_diff": -3.092238796414188,
        "mean_ratio": 0.10401332110118598,
        "p90_diff": -5.009679539790843
      }
    },
    "gan_vs_random": {
      "avg_total_deg": {
        "mean_diff": -0.1154794851357874,
        "mean_ratio": 0.6562118105049176,
        "p90_diff": -0.18214144361060647
      },
      "avg_comm_deg": {
        "mean_diff": -0.16497069305112483,
        "mean_ratio": 0.6562118105049176,
        "p90_diff": -0.2602020623008663
      },
      "avg_cdi": {
        "mean_diff": 0.0,
        "mean_ratio": 0.0,
        "p90_diff": 0.0
      },
      "avg_interference_dbm": {
        "mean_diff": -1.0569041986935162,
        "mean_ratio": -110088981853.95297,
        "p90_diff": -6.370567477799625
      },
      "avg_margin_db": {
        "mean_diff": 2.265058808812397,
        "mean_ratio": 1.6563084720273615,
        "p90_diff": -0.31810332512659656
      }
    },
    "ga_vs_gan": {
      "avg_total_deg": {
        "mean_diff": 0.19411419490698298,
        "mean_ratio": 1.8806419436255066,
        "p90_diff": 0.22617556297831914
      },
      "avg_comm_deg": {
        "mean_diff": 0.27730599272426154,
        "mean_ratio": 1.880641943625507,
        "p90_diff": 0.3231079471118845
      },
      "avg_cdi": {
        "mean_diff": 0.0,
        "mean_ratio": 0.0,
        "p90_diff": 0.0
      },
      "avg_interference_dbm": {
        "mean_diff": 4.057620915463801,
        "mean_ratio": -106031360938.48917,
        "p90_diff": 8.725182458535897
      },
      "avg_margin_db": {
        "mean_diff": -5.357297605226585,
        "mean_ratio": 0.06279827873721563,
        "p90_diff": -4.691576214664247
      }
    }
  }
}