{
  "dataset_id": "aerpaw",
  "family": "AERPAW 5G NSA",
  "reference_altitude_m": 29.936,
  "station_height_m": 11.98287770083776,
  "comm_freq_hz": 3600000000.0,
  "algorithm_group": "random",
  "search": {
    "best_score": 1.0,
    "score_stats": {
      "count": 40,
      "mean": 0.975,
      "std": 0.15612494995995996,
      "p10": 1.0,
      "p50": 1.0,
      "p90": 1.0,
      "max": 1.0,
      "min": 0.0
    },
    "num_samples": 40,
    "gan_training": {}
  },
  "environment_alignment": {
    "notes": "按日志中的基站距离/方位/仰角重建BS相对坐标；站高由日志反推中位数约12 m。",
    "area_size_m": 615.7622387688107,
    "station_xy_local_m": [
      0.0,
      0.0
    ],
    "station_xy_aligned_m": [
      513.7449077583708,
      236.93890360058958
    ],
    "shift_xy_m": [
      513.7449077583708,
      236.93890360058958
    ],
    "hotspots": [
      {
        "x_m": 318.2196182066838,
        "y_m": 274.3512635336535,
        "height_m": 15.98287770083776,
        "power_dbm": 30.0,
        "type_id": 3.0
      },
      {
        "x_m": 259.90824706627404,
        "y_m": 61.18875652587846,
        "height_m": 15.98287770083776,
        "power_dbm": 34.0,
        "type_id": 3.0
      }
    ]
  },
  "groups": {
    "measured_selected": {
      "count": 5,
      "sinr_db": {
        "count": 5,
        "mean": 10.11096124472957,
        "p10": -4.8013024182183175,
        "p50": 9.043351719247497,
        "p90": 28.253758079444275,
        "min": -6.41300439381056,
        "max": 40.65237369113963
      },
      "margin_db": {
        "count": 5,
        "mean": 10.11096124472957,
        "p10": -4.8013024182183175,
        "p50": 9.043351719247497,
        "p90": 28.253758079444275,
        "min": -6.41300439381056,
        "max": 40.65237369113963
      },
      "rate_mbps": {
        "count": 5,
        "mean": 419.77085418265034,
        "p10": 44.116107957265164,
        "p50": 317.36023998371144,
        "p90": 944.5081629333746,
        "min": 29.678255516793822,
        "max": 1350.4550370773238
      },
      "outage": {
        "-5.0": 0.2,
        "0.0": 0.4,
        "5.0": 0.4,
        "10.0": 0.8
      },
      "tail": {
        "tail_mean_sinr_db": -6.41300439381056,
        "tail_mean_rate_mbps": 29.678255516793822,
        "tail_mean_margin_db": -6.41300439381056
      }
    },
    "measured_trajectory": {
      "count": 2754,
      "sinr_db": {
        "count": 2754,
        "mean": 15.675730878737067,
        "p10": 1.067568941297793,
        "p50": 12.741045561382272,
        "p90": 36.212682036955016,
        "min": -18.943719177048095,
        "max": 47.4221849657482
      },
      "margin_db": {
        "count": 2754,
        "mean": 15.675730878737067,
        "p10": 1.0675689412977927,
        "p50": 12.741045561382272,
        "p90": 36.212682036955016,
        "min": -18.943719177048095,
        "max": 47.4221849657482
      },
      "rate_mbps": {
        "count": 2754,
        "mean": 551.4366265641208,
        "p10": 118.81896675036526,
        "p50": 430.72604309910713,
        "p90": 1202.9937613027316,
        "min": 1.8283016320186076,
        "max": 1575.3334974599722
      },
      "outage": {
        "-5.0": 0.021060275962236745,
        "0.0": 0.07697893972403776,
        "5.0": 0.22076978939724037,
        "10.0": 0.3954248366013072
      },
      "tail": {
        "tail_mean_sinr_db": -6.272353457738606,
        "tail_mean_rate_mbps": 39.75595367524849,
        "tail_mean_margin_db": -6.272353457738606
      }
    },
    "random": {
      "count": 120,
      "sinr_db": {
        "count": 120,
        "mean": 11.820623462290552,
        "p10": 1.3881401780424663,
        "p50": 10.330561293045282,
        "p90": 23.600803621237915,
        "min": -11.191066795319713,
        "max": 44.00437543483736
      },
      "margin_db": {
        "count": 120,
        "mean": 11.820623462290552,
        "p10": 1.3881401780424663,
        "p50": 10.330561293045282,
        "p90": 23.600803621237915,
        "min": -11.191066795319713,
        "max": 44.00437543483736
      },
      "rate_mbps": {
        "count": 120,
        "mean": 422.66632025960877,
        "p10": 124.90393624077367,
        "p50": 355.9597877597257,
        "p90": 784.6300005390888,
        "min": 10.569678645996675,
        "max": 1461.7994481243632
      },
      "outage": {
        "-5.0": 0.025,
        "0.0": 0.06666666666666667,
        "5.0": 0.21666666666666667,
        "10.0": 0.48333333333333334
      },
      "tail": {
        "tail_mean_sinr_db": -4.977256972257643,
        "tail_mean_rate_mbps": 48.14306669516247,
        "tail_mean_margin_db": -4.977256972257643
      }
    },
    "model_worst_region": {
      "count": 25,
      "sinr_db": {
        "count": 25,
        "mean": -12.810401734411217,
        "p10": -15.468100055780253,
        "p50": -12.618364846517153,
        "p90": -10.783754728389733,
        "min": -18.3079129670378,
        "max": -10.602153946728002
      },
      "margin_db": {
        "count": 25,
        "mean": -12.810401734411217,
        "p10": -15.468100055780253,
        "p50": -12.618364846517153,
        "p90": -10.783754728389733,
        "min": -18.3079129670378,
        "max": -10.602153946728002
      },
      "rate_mbps": {
        "count": 25,
        "mean": 7.9460573329972775,
        "p10": 4.155971659245075,
        "p50": 7.686305620024773,
        "p90": 11.573059283746906,
        "min": 2.1144469595508535,
        "max": 12.042251124348551
      },
      "outage": {
        "-5.0": 1.0,
        "0.0": 1.0,
        "5.0": 1.0,
        "10.0": 1.0
      },
      "tail": {
        "tail_mean_sinr_db": -18.3079129670378,
        "tail_mean_rate_mbps": 2.1144469595508535,
        "tail_mean_margin_db": -18.3079129670378
      }
    }
  }
}