x_m,y_m,field_score,combined_metric_risk,global_confidence,metric_confidence,poor_proximity,nearest_measured_dist_m,nearest_poor_dist_m,predicted_sinr_db,predicted_throughput_mbps
205.25407958960358,68.41802652986786,0.9743923379004092,1.0108256555860096,0.9699978768443549,0.9691987347559082,0.9688571659388033,0.6092279261471333,0.632761630565429,19.958137089523795,160.89772519941602
136.83605305973572,273.67210611947144,0.7639478463442819,0.8514759684991491,0.8910003749555679,0.8910003749555679,0.8910003749555679,2.308208613717262,2.308208613717262,26.97048063001702,71.84114915615257
410.50815917920715,136.83605305973572,0.7633604284067435,0.9254868175412208,0.8371476161813448,0.8371476161813448,0.8346334285281072,3.5550972124857814,3.615253165483326,19.983954218924257,196.81983252447085
342.0901326493393,136.83605305973572,0.7542665114036583,1.0130289481766623,0.7721091942843497,0.7721091942843497,0.7721091942843497,5.172585911720436,5.172585911720436,19.109712689724468,178.08686736988264
273.67210611947144,547.3442122389429,0.701152440577939,0.686974972992787,0.9732086993159084,0.9732086993159084,0.9101708176384454,0.5431345846977351,1.8824597079255385,22.809037287548925,238.38776970796232
410.50815917920715,205.25407958960358,0.642949649189647,0.8610390995756105,0.760081666040798,0.7352454150719551,0.760081666040798,5.486587923156596,5.486587923156596,19.03229021492992,244.70184694833168
