x_m,y_m,field_score,combined_metric_risk,global_confidence,metric_confidence,poor_proximity,nearest_measured_dist_m,nearest_poor_dist_m,predicted_sinr_db,predicted_throughput_mbps
225.0425471711731,382.50017716005067,0.37356926337898827,0.4322447568543929,0.8793798571372142,0.7255716176755425,0.382679000570777,2.5707665546352634,19.21117519666846,25.436781966125835,291.1045603043234
230.28807508993373,265.6136984206956,0.24201778038394006,0.4121316234046073,0.6059859372102566,0.6059859372102566,0.3271110841000896,10.017969982115064,22.349109180880944,27.090019764775654,264.3712217836151
281.2872276436028,249.3034028259708,0.2776899710729244,0.389991025305658,0.7657468757510704,0.7657468757510704,0.20764671293919182,5.338072265262375,31.438342776886707,27.4283679622975,266.60361243006423
262.07614824647527,319.7749000246295,0.16581298718217527,0.31188663094200675,0.5833295380885681,0.5774615344315416,0.12766032169839983,10.780060137754706,41.16764558390005,27.465179095622897,299.198776661925
235.75954230290503,317.32072803210383,0.2663209753582798,0.3457334099050843,0.7922586972750641,0.7922586972750641,0.28187105784179023,4.657346050574289,25.32611108613326,27.88617875654432,275.73590057921484
276.0625833275722,259.56940022422947,0.2984174289454377,0.41534515742131434,0.7332738875874409,0.7332738875874409,0.35948308976814247,6.204719879406685,20.46176282248933,26.95230852193654,265.9406466043464
