{
  "dataset_id": "dryad",
  "family": "Dryad Ericsson 5G NSA",
  "reference_altitude_m": 29.9488127,
  "station_height_m": 12.0,
  "comm_freq_hz": 3600000000.0,
  "algorithm_group": "random",
  "search": {
    "best_score": 1.0,
    "score_stats": {
      "count": 40,
      "mean": 0.975,
      "std": 0.15612494995995996,
      "p10": 1.0,
      "p50": 1.0,
      "p90": 1.0,
      "max": 1.0,
      "min": 0.0
    },
    "num_samples": 40,
    "gan_training": {}
  },
  "environment_alignment": {
    "notes": "Dryad日志无BS方位字段，使用高SINR/高吞吐样本的质心作为服务中心代理；站高沿用AERPAW反推的12 m口径。",
    "area_size_m": 614.0168200960219,
    "station_xy_local_m": [
      71.39307131457228,
      22.466398102198983
    ],
    "station_xy_aligned_m": [
      392.5001347700527,
      321.7178539478443
    ],
    "shift_xy_m": [
      321.1070634554804,
      299.2514558456453
    ],
    "hotspots": [
      {
        "x_m": 403.70778252312095,
        "y_m": 236.0549273563042,
        "height_m": 16.0,
        "power_dbm": 30.0,
        "type_id": 3.0
      },
      {
        "x_m": 158.27868210603089,
        "y_m": 232.79691600560972,
        "height_m": 16.0,
        "power_dbm": 34.0,
        "type_id": 3.0
      }
    ]
  },
  "groups": {
    "measured_selected": {
      "count": 6,
      "sinr_db": {
        "count": 6,
        "mean": 9.470645943570071,
        "p10": -3.9873233733312397,
        "p50": 12.986315932575128,
        "p90": 19.412945271466324,
        "min": -13.480332252122608,
        "max": 20.133810361722368
      },
      "margin_db": {
        "count": 6,
        "mean": 9.470645943570071,
        "p10": -3.9873233733312397,
        "p50": 12.986315932575128,
        "p90": 19.412945271466324,
        "min": -13.480332252122608,
        "max": 20.133810361722368
      },
      "rate_mbps": {
        "count": 6,
        "mean": 399.46636979356003,
        "p10": 112.5036670455126,
        "p50": 439.3469490070844,
        "p90": 646.5484933280832,
        "min": 6.332498428325678,
        "max": 670.2228861280911
      },
      "outage": {
        "-5.0": 0.16666666666666666,
        "0.0": 0.16666666666666666,
        "5.0": 0.16666666666666666,
        "10.0": 0.3333333333333333
      },
      "tail": {
        "tail_mean_sinr_db": -13.480332252122608,
        "tail_mean_rate_mbps": 6.332498428325678,
        "tail_mean_margin_db": -13.480332252122608
      }
    },
    "measured_trajectory": {
      "count": 7451,
      "sinr_db": {
        "count": 7451,
        "mean": 11.726084341673785,
        "p10": 3.821190158750369,
        "p50": 12.13619555190683,
        "p90": 19.12917894757912,
        "min": -15.036409907072162,
        "max": 34.28084033759305
      },
      "margin_db": {
        "count": 7451,
        "mean": 11.726084341673785,
        "p10": 3.821190158750369,
        "p50": 12.13619555190683,
        "p90": 19.12917894757912,
        "min": -15.036409907072162,
        "max": 34.28084033759305
      },
      "rate_mbps": {
        "count": 7451,
        "mean": 412.00544571828834,
        "p10": 177.00111558815374,
        "p50": 411.7182435273337,
        "p90": 637.2099020224017,
        "min": 4.454627700155613,
        "max": 1138.8386944916108
      },
      "outage": {
        "-5.0": 0.013689437659374581,
        "0.0": 0.04348409609448396,
        "5.0": 0.12978123741779626,
        "10.0": 0.3580727419138371
      },
      "tail": {
        "tail_mean_sinr_db": -3.551106574872506,
        "tail_mean_rate_mbps": 62.44720184738911,
        "tail_mean_margin_db": -3.551106574872506
      }
    },
    "random": {
      "count": 120,
      "sinr_db": {
        "count": 120,
        "mean": 11.193075480038459,
        "p10": 3.4636219053733823,
        "p50": 10.890776915727294,
        "p90": 18.36097746462974,
        "min": -6.661030753956226,
        "max": 27.607201404615807
      },
      "margin_db": {
        "count": 120,
        "mean": 11.193075480038459,
        "p10": 3.463621905373383,
        "p50": 10.890776915727294,
        "p90": 18.36097746462974,
        "min": -6.661030753956226,
        "max": 27.607201404615807
      },
      "rate_mbps": {
        "count": 120,
        "mean": 393.3579859702846,
        "p10": 168.708184920179,
        "p50": 373.08737599762776,
        "p90": 612.0274485629022,
        "min": 28.181483011851732,
        "max": 917.3414590826667
      },
      "outage": {
        "-5.0": 0.008333333333333333,
        "0.0": 0.03333333333333333,
        "5.0": 0.125,
        "10.0": 0.48333333333333334
      },
      "tail": {
        "tail_mean_sinr_db": -1.222397137017179,
        "tail_mean_rate_mbps": 86.92611522240013,
        "tail_mean_margin_db": -1.222397137017179
      }
    },
    "model_worst_region": {
      "count": 25,
      "sinr_db": {
        "count": 25,
        "mean": -7.880256271126736,
        "p10": -12.262851778478646,
        "p50": -6.663677615264504,
        "p90": -5.841025612110746,
        "min": -14.245754153440807,
        "max": -5.7081759206645515
      },
      "margin_db": {
        "count": 25,
        "mean": -7.880256271126736,
        "p10": -12.262851778478646,
        "p50": -6.663677615264504,
        "p90": -5.841025612110746,
        "min": -14.245754153440807,
        "max": -5.7081759206645515
      },
      "rate_mbps": {
        "count": 25,
        "mean": 24.238863112799486,
        "p10": 8.479490722634598,
        "p50": 28.165884801896084,
        "p90": 33.406453293497506,
        "min": 5.327889050915554,
        "max": 34.329098667315584
      },
      "outage": {
        "-5.0": 1.0,
        "0.0": 1.0,
        "5.0": 1.0,
        "10.0": 1.0
      },
      "tail": {
        "tail_mean_sinr_db": -14.245754153440807,
        "tail_mean_rate_mbps": 5.327889050915554,
        "tail_mean_margin_db": -14.245754153440807
      }
    }
  }
}