{
  "out_dir": "output\\bench_optional_all_controlled_s2027\\compare\\kpi",
  "bler_a_csv": "output\\bench_optional_all_controlled_s2027\\compare\\kpi\\BLER_A.csv",
  "bler_b_csv": "",
  "groups": {
    "ga": {
      "kpis": {
        "count_links": 72,
        "outage": {
          "-5.0": 0.20833333333333334,
          "0.0": 0.6527777777777778,
          "5.0": 0.8472222222222222,
          "10.0": 0.8888888888888888
        },
        "sinr_db": {
          "count": 72,
          "mean": 0.3133002674089064,
          "p10": -5.74781580512703,
          "p50": -1.9363507647545786,
          "p90": 16.03934283063312,
          "min": -8.011597479724458,
          "max": 22.61804626283525
        },
        "rate_bps": {
          "count": 72,
          "mean": 28626983.908634722,
          "p10": 6810322.507943601,
          "p50": 14280964.450829867,
          "p90": 107564297.66239601,
          "min": 4234365.7639297955,
          "max": 150428522.61674553
        },
        "ee_bpj": {
          "count": 72,
          "mean": 201263.33409610225,
          "p10": 44757.58134034381,
          "p50": 101484.50051988685,
          "p90": 687876.4168785532,
          "min": 27033.239693608357,
          "max": 1188297.0867153963
        },
        "tail": {
          "tail_pct": 5.0,
          "tail_mean_sinr_db": -7.663718792795147,
          "tail_mean_rate_bps": 4578200.031873427,
          "tail_mean_ee_bpj": 32363.645111616886
        }
      },
      "throughput_A": {
        "count_links": 72,
        "throughput_bps": {
          "count": 72,
          "mean": 14323043.532134231,
          "p10": 0.0,
          "p50": 0.0,
          "p90": 102210002.0047936,
          "min": 0.0,
          "max": 150428522.61674553
        },
        "tail": {
          "tail_pct": 5.0,
          "tail_mean_throughput_bps": 0.0
        }
      }
    },
    "gan": {
      "kpis": {
        "count_links": 240,
        "outage": {
          "-5.0": 0.0,
          "0.0": 0.1625,
          "5.0": 0.75,
          "10.0": 0.75
        },
        "sinr_db": {
          "count": 240,
          "mean": 5.732734357054975,
          "p10": -0.3615384711488203,
          "p50": 1.5334675816715586,
          "p90": 19.91544993373726,
          "min": -2.2589538596770073,
          "max": 21.212788373478787
        },
        "rate_bps": {
          "count": 240,
          "mean": 50940623.75669777,
          "p10": 18824151.294435393,
          "p50": 25541425.004926473,
          "p90": 132608108.01378202,
          "min": 13460911.676921513,
          "max": 141152129.81639728
        },
        "ee_bpj": {
          "count": 240,
          "mean": 396451.1626769712,
          "p10": 145590.20574544166,
          "p50": 197824.0790663294,
          "p90": 1030292.8956005211,
          "min": 106420.8591928331,
          "max": 1109595.5272003715
        },
        "tail": {
          "tail_pct": 5.0,
          "tail_mean_sinr_db": -1.1225507363799174,
          "tail_mean_rate_bps": 16540510.53910789,
          "tail_mean_ee_bpj": 127828.86521147586
        }
      },
      "throughput_A": {
        "count_links": 240,
        "throughput_bps": {
          "count": 240,
          "mean": 32909617.578454193,
          "p10": 0.0,
          "p50": 0.0,
          "p90": 132608108.01378202,
          "min": 0.0,
          "max": 141152129.81639728
        },
        "tail": {
          "tail_pct": 5.0,
          "tail_mean_throughput_bps": 0.0
        }
      }
    },
    "random": {
      "kpis": {
        "count_links": 576,
        "outage": {
          "-5.0": 0.14583333333333334,
          "0.0": 0.5173611111111112,
          "5.0": 0.6788194444444444,
          "10.0": 0.7222222222222222
        },
        "sinr_db": {
          "count": 576,
          "mean": 3.8964087737079387,
          "p10": -5.64836292641796,
          "p50": -0.3849338607638588,
          "p90": 20.766487266568816,
          "min": -21.298075874506182,
          "max": 34.54034434085857
        },
        "rate_bps": {
          "count": 576,
          "mean": 47530492.12840503,
          "p10": 6950577.22245172,
          "p50": 18749655.802086696,
          "p90": 138210402.46466044,
          "min": 213202.08797631884,
          "max": 229491221.8494003
        },
        "ee_bpj": {
          "count": 576,
          "mean": 336800.0043026216,
          "p10": 49035.04661384931,
          "p50": 136090.83898438013,
          "p90": 961109.6257172296,
          "min": 1685.9886208160322,
          "max": 1543149.551315875
        },
        "tail": {
          "tail_pct": 5.0,
          "tail_mean_sinr_db": -8.449647419713418,
          "tail_mean_rate_bps": 4460549.669377987,
          "tail_mean_ee_bpj": 30853.861019180396
        }
      },
      "throughput_A": {
        "count_links": 576,
        "throughput_bps": {
          "count": 576,
          "mean": 35178066.57689733,
          "p10": 0.0,
          "p50": 0.0,
          "p90": 138210402.46466044,
          "min": 0.0,
          "max": 229491221.8494003
        },
        "tail": {
          "tail_pct": 5.0,
          "tail_mean_throughput_bps": 0.0
        }
      }
    }
  }
}