{
  "out_dir": "output\\bench_paper_mainline_s2026\\compare\\kpi",
  "bler_a_csv": "output\\bench_paper_mainline_s2026\\compare\\kpi\\BLER_A.csv",
  "bler_b_csv": "",
  "groups": {
    "ga": {
      "kpis": {
        "count_links": 72,
        "outage": {
          "-5.0": 0.20833333333333334,
          "0.0": 0.6527777777777778,
          "5.0": 0.8472222222222222,
          "10.0": 0.8888888888888888
        },
        "sinr_db": {
          "count": 72,
          "mean": 0.3133002674089064,
          "p10": -5.74781580512703,
          "p50": -1.9363507647545786,
          "p90": 16.03934283063312,
          "min": -8.011597479724458,
          "max": 22.61804626283525
        },
        "rate_bps": {
          "count": 72,
          "mean": 28626983.908634722,
          "p10": 6810322.507943601,
          "p50": 14280964.450829867,
          "p90": 107564297.66239601,
          "min": 4234365.7639297955,
          "max": 150428522.61674553
        },
        "ee_bpj": {
          "count": 72,
          "mean": 201263.33409610225,
          "p10": 44757.58134034381,
          "p50": 101484.50051988685,
          "p90": 687876.4168785532,
          "min": 27033.239693608357,
          "max": 1188297.0867153963
        },
        "tail": {
          "tail_pct": 5.0,
          "tail_mean_sinr_db": -7.663718792795147,
          "tail_mean_rate_bps": 4578200.031873427,
          "tail_mean_ee_bpj": 32363.645111616886
        }
      },
      "throughput_A": {
        "count_links": 72,
        "throughput_bps": {
          "count": 72,
          "mean": 14323043.532134231,
          "p10": 0.0,
          "p50": 0.0,
          "p90": 102210002.0047936,
          "min": 0.0,
          "max": 150428522.61674553
        },
        "tail": {
          "tail_pct": 5.0,
          "tail_mean_throughput_bps": 0.0
        }
      }
    },
    "gan": {
      "kpis": {
        "count_links": 240,
        "outage": {
          "-5.0": 0.0,
          "0.0": 0.17916666666666667,
          "5.0": 0.725,
          "10.0": 0.7375
        },
        "sinr_db": {
          "count": 240,
          "mean": 5.829339237306527,
          "p10": -0.7062328734787072,
          "p50": 1.5404190165037406,
          "p90": 19.75436649132179,
          "min": -3.181637632301431,
          "max": 21.519096099315163
        },
        "rate_bps": {
          "count": 240,
          "mean": 51657697.666258655,
          "p10": 17749221.938818853,
          "p50": 25568671.58322521,
          "p90": 131548897.44941667,
          "min": 11324770.285919854,
          "max": 143172440.20152116
        },
        "ee_bpj": {
          "count": 240,
          "mean": 406234.83928537107,
          "p10": 139728.7282077041,
          "p50": 200993.56051107793,
          "p90": 1035617.6172471436,
          "min": 89170.30455246875,
          "max": 1124579.3845643343
        },
        "tail": {
          "tail_pct": 5.0,
          "tail_mean_sinr_db": -1.929296037176858,
          "tail_mean_rate_bps": 14342510.998217106,
          "tail_mean_ee_bpj": 112771.94458839494
        }
      },
      "throughput_A": {
        "count_links": 240,
        "throughput_bps": {
          "count": 240,
          "mean": 34040228.97005067,
          "p10": 0.0,
          "p50": 0.0,
          "p90": 131548897.44941667,
          "min": 0.0,
          "max": 143172440.20152116
        },
        "tail": {
          "tail_pct": 5.0,
          "tail_mean_throughput_bps": 0.0
        }
      }
    },
    "random": {
      "kpis": {
        "count_links": 576,
        "outage": {
          "-5.0": 0.16319444444444445,
          "0.0": 0.5503472222222222,
          "5.0": 0.7013888888888888,
          "10.0": 0.7256944444444444
        },
        "sinr_db": {
          "count": 576,
          "mean": 3.630928121019172,
          "p10": -5.613378034113353,
          "p50": -0.7280032676485177,
          "p90": 20.82051355712636,
          "min": -8.185287498559532,
          "max": 32.2062881000914
        },
        "rate_bps": {
          "count": 576,
          "mean": 46254350.85063393,
          "p10": 7000342.76214371,
          "p50": 17682981.45551451,
          "p90": 138566382.82335454,
          "min": 4079551.562600307,
          "max": 213991302.36206836
        },
        "ee_bpj": {
          "count": 576,
          "mean": 328507.58804530505,
          "p10": 48096.10945389855,
          "p50": 124709.6493593566,
          "p90": 976904.4748899722,
          "min": 27450.26171805803,
          "max": 1694417.8952758356
        },
        "tail": {
          "tail_pct": 5.0,
          "tail_mean_sinr_db": -7.175772709841078,
          "tail_mean_rate_bps": 5078123.686274321,
          "tail_mean_ee_bpj": 34729.82638605906
        }
      },
      "throughput_A": {
        "count_links": 576,
        "throughput_bps": {
          "count": 576,
          "mean": 34743165.05570851,
          "p10": 0.0,
          "p50": 0.0,
          "p90": 138566382.82335454,
          "min": 0.0,
          "max": 213991302.36206836
        },
        "tail": {
          "tail_pct": 5.0,
          "tail_mean_throughput_bps": 0.0
        }
      }
    }
  }
}