{
  "ga_summary": {
    "avg_total_deg": {
      "count": 4,
      "mean": 0.4145377124467405,
      "std": 0.03397387203392784,
      "p10": 0.38589807865589537,
      "p50": 0.4051865997773701,
      "p90": 0.4506582363730819,
      "min": 0.3776986001410132,
      "max": 0.4700790500912085
    },
    "avg_comm_deg": {
      "count": 4,
      "mean": 0.5921967320667723,
      "std": 0.0485341029056112,
      "p10": 0.551282969508422,
      "p50": 0.5788379996819574,
      "p90": 0.6437974805329743,
      "min": 0.5395694287728761,
      "max": 0.6715415001302979
    },
    "avg_cdi": {
      "count": 4,
      "mean": 0.0,
      "std": 0.0,
      "p10": 0.0,
      "p50": 0.0,
      "p90": 0.0,
      "min": 0.0,
      "max": 0.0
    },
    "avg_interference_dbm": {
      "count": 4,
      "mean": -106.03136093848917,
      "std": 6.978068680528949,
      "p10": -112.94824642995657,
      "p50": -107.15164284621669,
      "p90": -98.2182499208398,
      "min": -114.25825137523589,
      "max": -95.56390668628748
    },
    "avg_margin_db": {
      "count": 4,
      "mean": 0.35897188476983677,
      "std": 0.8100451509559656,
      "p10": -0.5004954861604487,
      "p50": 0.3976950320425754,
      "p90": 1.1874607378819313,
      "min": -0.5860643605867099,
      "max": 1.226561835580906
    }
  },
  "gan_summary": {
    "avg_total_deg": {
      "count": 12,
      "mean": 0.21841435043421653,
      "std": 0.011835280038102998,
      "p10": 0.21199820858940377,
      "p50": 0.21674150844859813,
      "p90": 0.21990626318474898,
      "min": 0.2039776132952528,
      "max": 0.2550694885571916
    },
    "avg_comm_deg": {
      "count": 12,
      "mean": 0.31202050062030934,
      "std": 0.016907542911575705,
      "p10": 0.3028545836991483,
      "p50": 0.3096307263551401,
      "p90": 0.3141518045496414,
      "min": 0.2913965904217897,
      "max": 0.3643849836531308
    },
    "avg_cdi": {
      "count": 12,
      "mean": 0.0,
      "std": 0.0,
      "p10": 0.0,
      "p50": 0.0,
      "p90": 0.0,
      "min": 0.0,
      "max": 0.0
    },
    "avg_interference_dbm": {
      "count": 12,
      "mean": -114.00116021136604,
      "std": 3.7991783133083024,
      "p10": -117.4178869801637,
      "p50": -116.20866823458641,
      "p90": -108.22435545429418,
      "min": -118.04078222396925,
      "max": -107.29815868812466
    },
    "avg_margin_db": {
      "count": 12,
      "mean": 5.6339113027061005,
      "std": 0.39619691206016894,
      "p10": 5.552427550955339,
      "p50": 5.684203012945882,
      "p90": 5.726562982330671,
      "min": 4.532773347181329,
      "max": 6.42980931540712
    }
  },
  "random_summary": {
    "avg_total_deg": {
      "count": 30,
      "mean": 0.3326762925016093,
      "std": 0.045683888689620436,
      "p10": 0.2785892277250543,
      "p50": 0.32519686855911767,
      "p90": 0.38621304746473867,
      "min": 0.24656295176764706,
      "max": 0.45994784327398913
    },
    "avg_comm_deg": {
      "count": 30,
      "mean": 0.47525184643087065,
      "std": 0.06526269812802918,
      "p10": 0.39798461103579186,
      "p50": 0.4645669550844539,
      "p90": 0.5517329249496267,
      "min": 0.35223278823949583,
      "max": 0.6570683475342701
    },
    "avg_cdi": {
      "count": 30,
      "mean": 0.0,
      "std": 0.0,
      "p10": 0.0,
      "p50": 0.0,
      "p90": 0.0,
      "min": 0.0,
      "max": 0.0
    },
    "avg_interference_dbm": {
      "count": 30,
      "mean": -110.2043902450733,
      "std": 5.291806625094988,
      "p10": -117.49172273432806,
      "p50": -110.34912370569319,
      "p90": -102.529322288535,
      "min": -120.2316913201224,
      "max": -100.5724455026787
    },
    "avg_margin_db": {
      "count": 30,
      "mean": 3.6445827701213003,
      "std": 1.849742437883051,
      "p10": 1.381910133993151,
      "p50": 3.5706929757413532,
      "p90": 5.694064489118251,
      "min": -0.7761911563271534,
      "max": 6.89189035558081
    }
  },
  "comparison": {
    "ga_vs_random": {
      "avg_total_deg": {
        "mean_diff": 0.08186141994513119,
        "mean_ratio": 1.2460692925533166,
        "p90_diff": 0.06444518890834322
      },
      "avg_comm_deg": {
        "mean_diff": 0.11694488563590161,
        "mean_ratio": 1.246069292553316,
        "p90_diff": 0.09206455558334758
      },
      "avg_cdi": {
        "mean_diff": 0.0,
        "mean_ratio": 0.0,
        "p90_diff": 0.0
      },
      "avg_interference_dbm": {
        "mean_diff": 4.173029306584127,
        "mean_ratio": -106031360938.48917,
        "p90_diff": 4.311072367695203
      },
      "avg_margin_db": {
        "mean_diff": -3.2856108853514634,
        "mean_ratio": 0.09849464463058122,
        "p90_diff": -4.5066037512363195
      }
    },
    "gan_vs_random": {
      "avg_total_deg": {
        "mean_diff": -0.11426194206739276,
        "mean_ratio": 0.6565371664804157,
        "p90_diff": -0.16630678427998968
      },
      "avg_comm_deg": {
        "mean_diff": -0.1632313458105613,
        "mean_ratio": 0.6565371664804154,
        "p90_diff": -0.23758112039998525
      },
      "avg_cdi": {
        "mean_diff": 0.0,
        "mean_ratio": 0.0,
        "p90_diff": 0.0
      },
      "avg_interference_dbm": {
        "mean_diff": -3.796769966292743,
        "mean_ratio": -114001160211.36603,
        "p90_diff": -5.695033165759185
      },
      "avg_margin_db": {
        "mean_diff": 1.9893285325848002,
        "mean_ratio": 1.5458316241007173,
        "p90_diff": 0.0324984932124206
      }
    },
    "ga_vs_gan": {
      "avg_total_deg": {
        "mean_diff": 0.19612336201252395,
        "mean_ratio": 1.8979417406531338,
        "p90_diff": 0.2307519731883329
      },
      "avg_comm_deg": {
        "mean_diff": 0.2801762314464629,
        "mean_ratio": 1.8979417406531343,
        "p90_diff": 0.32964567598333283
      },
      "avg_cdi": {
        "mean_diff": 0.0,
        "mean_ratio": 0.0,
        "p90_diff": 0.0
      },
      "avg_interference_dbm": {
        "mean_diff": 7.96979927287687,
        "mean_ratio": -106031360938.48917,
        "p90_diff": 10.006105533454388
      },
      "avg_margin_db": {
        "mean_diff": -5.274939417936264,
        "mean_ratio": 0.0637162826112321,
        "p90_diff": -4.53910224444874
      }
    }
  }
}