{
  "dataset_id": "aerpaw",
  "family": "AERPAW 5G NSA",
  "reference_altitude_m": 29.936,
  "station_height_m": 11.98287770083776,
  "comm_freq_hz": 3600000000.0,
  "algorithm_group": "gan",
  "search": {
    "best_score": 1.0,
    "score_stats": {
      "count": 4,
      "mean": 1.0,
      "std": 0.0,
      "p10": 1.0,
      "p50": 1.0,
      "p90": 1.0,
      "max": 1.0,
      "min": 1.0
    },
    "num_samples": 4,
    "gan_training": {
      "epochs": 3,
      "batch_size": 4,
      "latent_dim": 8
    }
  },
  "environment_alignment": {
    "notes": "按日志中的基站距离/方位/仰角重建BS相对坐标；站高由日志反推中位数约12 m。",
    "area_size_m": 615.7622387688107,
    "station_xy_local_m": [
      0.0,
      0.0
    ],
    "station_xy_aligned_m": [
      513.7449077583708,
      236.93890360058958
    ],
    "shift_xy_m": [
      513.7449077583708,
      236.93890360058958
    ],
    "hotspots": [
      {
        "x_m": 318.2196182066838,
        "y_m": 274.3512635336535,
        "height_m": 15.98287770083776,
        "power_dbm": 30.0,
        "type_id": 3.0
      },
      {
        "x_m": 259.90824706627404,
        "y_m": 61.18875652587846,
        "height_m": 15.98287770083776,
        "power_dbm": 34.0,
        "type_id": 3.0
      }
    ]
  },
  "groups": {
    "measured_selected": {
      "count": 5,
      "sinr_db": {
        "count": 5,
        "mean": 7.971530336061352,
        "p10": -7.949412511212718,
        "p50": 7.116170803250114,
        "p90": 26.51777885066211,
        "min": -9.87238099816286,
        "max": 37.23125094129653
      },
      "margin_db": {
        "count": 5,
        "mean": 7.971530336061352,
        "p10": -7.949412511212718,
        "p50": 7.116170803250114,
        "p90": 26.51777885066211,
        "min": -9.87238099816286,
        "max": 37.23125094129653
      },
      "rate_mbps": {
        "count": 5,
        "mean": 382.3231686928875,
        "p10": 24.134728808281793,
        "p50": 262.0057477921951,
        "p90": 885.9020330718145,
        "min": 14.140942655386224,
        "max": 1236.8226754006098
      },
      "outage": {
        "-5.0": 0.4,
        "0.0": 0.4,
        "5.0": 0.4,
        "10.0": 0.6
      },
      "tail": {
        "tail_mean_sinr_db": -9.87238099816286,
        "tail_mean_rate_mbps": 14.140942655386224,
        "tail_mean_margin_db": -9.87238099816286
      }
    },
    "measured_trajectory": {
      "count": 2754,
      "sinr_db": {
        "count": 2754,
        "mean": 14.164357776280928,
        "p10": 0.3417522274723839,
        "p50": 10.400341106760798,
        "p90": 33.29185703441453,
        "min": -23.070644462804324,
        "max": 49.93709203190146
      },
      "margin_db": {
        "count": 2754,
        "mean": 14.164357776280928,
        "p10": 0.34175222747238365,
        "p50": 10.400341106760798,
        "p90": 33.29185703441453,
        "min": -23.070644462804324,
        "max": 49.93709203190146
      },
      "rate_mbps": {
        "count": 2754,
        "mean": 505.0491863469864,
        "p10": 105.78802337438347,
        "p50": 358.0826047906679,
        "p90": 1105.9991428597855,
        "min": 0.7096456283905955,
        "max": 1658.8757537147683
      },
      "outage": {
        "-5.0": 0.0196078431372549,
        "0.0": 0.09259259259259259,
        "5.0": 0.2683369644153958,
        "10.0": 0.48620188816267246
      },
      "tail": {
        "tail_mean_sinr_db": -5.657197672439061,
        "tail_mean_rate_mbps": 43.91195920177641,
        "tail_mean_margin_db": -5.657197672439061
      }
    },
    "random": {
      "count": 10,
      "sinr_db": {
        "count": 10,
        "mean": 6.100810655090302,
        "p10": -2.1412089789668785,
        "p50": 4.484727581126236,
        "p90": 13.922433728870075,
        "min": -6.931774623938324,
        "max": 30.4976160645068
      },
      "margin_db": {
        "count": 10,
        "mean": 6.100810655090302,
        "p10": -2.141208978966879,
        "p50": 4.484727581126236,
        "p90": 13.922433728870075,
        "min": -6.931774623938324,
        "max": 30.4976160645068
      },
      "rate_mbps": {
        "count": 10,
        "mean": 272.35163640822293,
        "p10": 70.82624759345418,
        "p50": 192.92326535008988,
        "p90": 470.3084998482356,
        "min": 26.625934971474212,
        "max": 1013.2374699209395
      },
      "outage": {
        "-5.0": 0.1,
        "0.0": 0.2,
        "5.0": 0.6,
        "10.0": 0.8
      },
      "tail": {
        "tail_mean_sinr_db": -6.931774623938324,
        "tail_mean_rate_mbps": 26.625934971474212,
        "tail_mean_margin_db": -6.931774623938324
      }
    },
    "model_worst_region": {
      "count": 4,
      "sinr_db": {
        "count": 4,
        "mean": -9.977314378660926,
        "p10": -11.71325450898103,
        "p50": -9.947625195886992,
        "p90": -8.265125594559969,
        "min": -12.450360994951211,
        "max": -7.56364612791851
      },
      "margin_db": {
        "count": 4,
        "mean": -9.977314378660926,
        "p10": -11.71325450898103,
        "p50": -9.947625195886992,
        "p90": -8.265125594559969,
        "min": -12.450360994951211,
        "max": -7.56364612791851
      },
      "rate_mbps": {
        "count": 4,
        "mean": 14.774249340559617,
        "p10": 9.718008883631025,
        "p50": 13.910057823802958,
        "p90": 20.52184301089354,
        "min": 7.981235095835411,
        "max": 23.295646618797146
      },
      "outage": {
        "-5.0": 1.0,
        "0.0": 1.0,
        "5.0": 1.0,
        "10.0": 1.0
      },
      "tail": {
        "tail_mean_sinr_db": -12.450360994951211,
        "tail_mean_rate_mbps": 7.981235095835411,
        "tail_mean_margin_db": -12.450360994951211
      }
    }
  }
}