{
  "avg_total_deg": {
    "count": 12,
    "mean": 0.2204235175397575,
    "std": 0.0053085946151376455,
    "p10": 0.2151796750350013,
    "p50": 0.2196892044911105,
    "p90": 0.22448267339476274,
    "min": 0.21305847738417394,
    "max": 0.23295100867847954
  },
  "avg_comm_deg": {
    "count": 12,
    "mean": 0.3148907393425107,
    "std": 0.007583706593053805,
    "p10": 0.3073995357642875,
    "p50": 0.3138417207015865,
    "p90": 0.32068953342108975,
    "min": 0.30436925340596277,
    "max": 0.3327871552549708
  },
  "avg_cdi": {
    "count": 12,
    "mean": 0.0,
    "std": 0.0,
    "p10": 0.0,
    "p50": 0.0,
    "p90": 0.0,
    "min": 0.0,
    "max": 0.0
  },
  "avg_interference_dbm": {
    "count": 12,
    "mean": -110.08898185395297,
    "std": 2.384407521821702,
    "p10": -113.0133874556549,
    "p50": -110.16937682311892,
    "p90": -106.9434323793757,
    "min": -113.2317294982616,
    "max": -105.35493570751825
  },
  "avg_margin_db": {
    "count": 12,
    "mean": 5.716269489996422,
    "std": 0.21724196571949833,
    "p10": 5.580913457398051,
    "p50": 5.784677326312111,
    "p90": 5.879036952546178,
    "min": 5.0544149568900805,
    "max": 5.902894314359261
  },
  "gan_training": {
    "epochs": 8,
    "batch_size": 8,
    "latent_dim": 16
  }
}