{
  "dataset_id": "aerpaw",
  "family": "AERPAW 5G NSA",
  "reference_altitude_m": 29.936,
  "station_height_m": 11.98287770083776,
  "comm_freq_hz": 3600000000.0,
  "algorithm_group": "random",
  "search": {
    "best_score": 1.0,
    "score_stats": {
      "count": 6,
      "mean": 1.0,
      "std": 0.0,
      "p10": 1.0,
      "p50": 1.0,
      "p90": 1.0,
      "max": 1.0,
      "min": 1.0
    },
    "num_samples": 6,
    "gan_training": {}
  },
  "environment_alignment": {
    "notes": "按日志中的基站距离/方位/仰角重建BS相对坐标；站高由日志反推中位数约12 m。",
    "area_size_m": 615.7622387688107,
    "station_xy_local_m": [
      0.0,
      0.0
    ],
    "station_xy_aligned_m": [
      513.7449077583708,
      236.93890360058958
    ],
    "shift_xy_m": [
      513.7449077583708,
      236.93890360058958
    ],
    "hotspots": [
      {
        "x_m": 318.2196182066838,
        "y_m": 274.3512635336535,
        "height_m": 15.98287770083776,
        "power_dbm": 30.0,
        "type_id": 3.0
      },
      {
        "x_m": 259.90824706627404,
        "y_m": 61.18875652587846,
        "height_m": 15.98287770083776,
        "power_dbm": 34.0,
        "type_id": 3.0
      }
    ]
  },
  "groups": {
    "measured_selected": {
      "count": 5,
      "sinr_db": {
        "count": 5,
        "mean": 11.42912442959712,
        "p10": -10.444408972869219,
        "p50": 10.106897220520935,
        "p90": 36.1856076460972,
        "min": -11.066779296634927,
        "max": 45.695322807845514
      },
      "margin_db": {
        "count": 5,
        "mean": 11.42912442959712,
        "p10": -10.444408972869219,
        "p50": 10.106897220520935,
        "p90": 36.1856076460972,
        "min": -11.066779296634927,
        "max": 45.695322807845514
      },
      "rate_mbps": {
        "count": 5,
        "mean": 524.4880908822172,
        "p10": 12.641368800523892,
        "p50": 349.1749756902037,
        "p90": 1202.4318054461864,
        "min": 10.865260192779909,
        "max": 1517.9696535990083
      },
      "outage": {
        "-5.0": 0.4,
        "0.0": 0.4,
        "5.0": 0.4,
        "10.0": 0.4
      },
      "tail": {
        "tail_mean_sinr_db": -11.066779296634927,
        "tail_mean_rate_mbps": 10.865260192779909,
        "tail_mean_margin_db": -11.066779296634927
      }
    },
    "measured_trajectory": {
      "count": 2754,
      "sinr_db": {
        "count": 2754,
        "mean": 15.896036651424954,
        "p10": 1.6644874016271278,
        "p50": 13.594554781284785,
        "p90": 33.608616165295786,
        "min": -19.820012003637586,
        "max": 57.00385883531396
      },
      "margin_db": {
        "count": 2754,
        "mean": 15.896036651424954,
        "p10": 1.6644874016271274,
        "p50": 13.594554781284785,
        "p90": 33.608616165295786,
        "min": -19.820012003637586,
        "max": 57.00385883531396
      },
      "rate_mbps": {
        "count": 2754,
        "mean": 556.1640398213182,
        "p10": 130.27945100624606,
        "p50": 457.7729206426138,
        "p90": 1116.5169003242806,
        "min": 1.4959592034916862,
        "max": 1893.62748941979
      },
      "outage": {
        "-5.0": 0.02287581699346405,
        "0.0": 0.07407407407407407,
        "5.0": 0.1859114015976761,
        "10.0": 0.3656499636891794
      },
      "tail": {
        "tail_mean_sinr_db": -5.968814288145495,
        "tail_mean_rate_mbps": 41.087260377676266,
        "tail_mean_margin_db": -5.968814288145495
      }
    },
    "random": {
      "count": 10,
      "sinr_db": {
        "count": 10,
        "mean": 12.220225568836431,
        "p10": -0.8834883708835427,
        "p50": 12.362313857309381,
        "p90": 21.34425458946852,
        "min": -2.1323947137098145,
        "max": 25.454431754810756
      },
      "margin_db": {
        "count": 10,
        "mean": 12.220225568836431,
        "p10": -0.8834883708835427,
        "p50": 12.362313857309381,
        "p90": 21.34425458946852,
        "min": -2.1323947137098145,
        "max": 25.454431754810756
      },
      "rate_mbps": {
        "count": 10,
        "mean": 437.19431136664537,
        "p10": 86.2327051286262,
        "p50": 419.2975901013235,
        "p90": 710.1359556947386,
        "min": 68.88632288431477,
        "max": 845.9882313074005
      },
      "outage": {
        "-5.0": 0.0,
        "0.0": 0.2,
        "5.0": 0.2,
        "10.0": 0.4
      },
      "tail": {
        "tail_mean_sinr_db": -2.1323947137098145,
        "tail_mean_rate_mbps": 68.88632288431477,
        "tail_mean_margin_db": -2.1323947137098145
      }
    },
    "model_worst_region": {
      "count": 4,
      "sinr_db": {
        "count": 4,
        "mean": -6.861750690646769,
        "p10": -9.776917256619427,
        "p50": -7.751443236217785,
        "p90": -3.2348300882172976,
        "min": -10.03240458524106,
        "max": -1.9117117049104448
      },
      "margin_db": {
        "count": 4,
        "mean": -6.861750690646769,
        "p10": -9.776917256619427,
        "p50": -7.751443236217785,
        "p90": -3.234830088217298,
        "min": -10.03240458524106,
        "max": -1.911711704910445
      },
      "rate_mbps": {
        "count": 4,
        "mean": 33.0146573269091,
        "p10": 14.491285838799127,
        "p50": 23.346098761316764,
        "p90": 59.27287566749297,
        "min": 13.652823868305086,
        "max": 71.71360791669781
      },
      "outage": {
        "-5.0": 0.75,
        "0.0": 1.0,
        "5.0": 1.0,
        "10.0": 1.0
      },
      "tail": {
        "tail_mean_sinr_db": -10.03240458524106,
        "tail_mean_rate_mbps": 13.652823868305086,
        "tail_mean_margin_db": -10.03240458524106
      }
    }
  }
}