x_m,y_m,z_m,margin_db,sinr_db,rate_bps,outage,i_dbm,p_rx_dbm,ee_bpj
223.91354137047662,0.0,29.936,-10.03240458524106,-10.03240458524106,13652823.868305087,1.0,-46.032466510913125,-56.06452354912149,72450.82688888282
279.89192671309576,55.978385342619156,29.936,-9.18078015650228,-9.18078015650228,16447697.103285227,1.0,-43.29538833072612,-52.47598342666018,87282.25508843639
223.91354137047662,55.978385342619156,29.936,-6.32210631593329,-6.32210631593329,30244500.419348303,1.0,-48.28373171126702,-54.6052544097066,160497.13124256223
167.93515602785746,55.978385342619156,29.936,-1.911711704910445,-1.9117117049104448,71713607.91669782,1.0,-54.84618348266925,-56.75525113279103,380559.3804525441
